timestamp,arm,landed_compliant,gate_save,had_commit,fn_name
2026-06-18T19:04:01Z,R,1,0,1,"double"
2026-06-18T19:04:35Z,R,1,0,1,"is_even"
2026-06-18T19:05:08Z,R,1,0,1,"max3"
2026-06-18T19:05:44Z,R,1,0,1,"clamp_byte"
2026-06-18T19:06:06Z,R,1,0,1,"reverse_str"
2026-06-18T19:06:29Z,R,1,0,1,"sum_to"
2026-06-18T19:06:48Z,R,1,0,1,"count_vowels"
2026-06-18T19:07:15Z,R,1,0,1,"abs_diff"
2026-06-18T19:07:50Z,R,1,0,1,"is_power_of_two"
2026-06-18T19:08:36Z,R,1,0,1,"celsius_to_f"
2026-06-18T19:09:12Z,G,1,0,1,"double"
2026-06-18T19:09:45Z,G,1,0,1,"is_even"
2026-06-18T19:10:07Z,G,1,0,1,"max3"
2026-06-18T19:10:37Z,G,1,0,1,"clamp_byte"
2026-06-18T19:11:00Z,G,1,0,1,"reverse_str"
2026-06-18T19:11:37Z,G,1,0,1,"sum_to"
2026-06-18T19:11:53Z,G,1,0,1,"count_vowels"
2026-06-18T19:12:11Z,G,1,0,1,"abs_diff"
2026-06-18T19:12:45Z,G,1,0,1,"is_power_of_two"
2026-06-18T19:13:03Z,G,1,0,1,"celsius_to_f"
