scenario,run,seconds,exit
clean_dev,2,153.4,0
clean_release,1,366.4,0
test_norun_clean,1,116.5,0
edit_lib_build,1,20.0,0
edit_lib_build,2,31.4,0
edit_lib_build,3,18.6,0
edit_cli_build,1,19.3,0
edit_cli_build,2,18.1,0
edit_cli_build,3,18.9,0
edit_leaf_build,1,17.3,0
edit_leaf_build,2,17.0,0
edit_leaf_build,3,17.1,0
edit_lib_testnorun,1,DIRTY-attempt1,0
edit_lib_testnorun,1,0.6,0
edit_lib_testnorun,2,32.9,0
edit_lib_testnorun,3,30.5,0
edit_cli_testnorun,1,34.4,0
edit_cli_testnorun,2,31.9,0
edit_cli_testnorun,3,35.3,0
edit_leaf_testnorun,1,30.3,0
edit_leaf_testnorun,2,31.5,0
edit_leaf_testnorun,3,30.1,0
edit_lib_check,1,11.8,0
edit_lib_check,2,12.0,0
edit_lib_check,3,11.5,0
DONE
