revision,date,period,bucket,language,code,comments,blanks,lines,files
aaf4e622181034423e7df51956f79fe5512e2695,2025-11-30,2025-11,artifacts,YAML,6763,43,352,7158,2
aaf4e622181034423e7df51956f79fe5512e2695,2025-11-30,2025-11,cli,Rust,2069,135,410,2614,3
aaf4e622181034423e7df51956f79fe5512e2695,2025-11-30,2025-11,cli,TOML,17,1,3,21,1
aaf4e622181034423e7df51956f79fe5512e2695,2025-11-30,2025-11,core,Rust,5722,297,962,6981,16
aaf4e622181034423e7df51956f79fe5512e2695,2025-11-30,2025-11,core,SQL,60,10,10,80,1
aaf4e622181034423e7df51956f79fe5512e2695,2025-11-30,2025-11,core,TOML,19,0,2,21,1
aaf4e622181034423e7df51956f79fe5512e2695,2025-11-30,2025-11,desktop_gui,Rust,14001,1201,1695,16897,3
aaf4e622181034423e7df51956f79fe5512e2695,2025-11-30,2025-11,desktop_gui,TOML,25,1,3,29,1
aaf4e622181034423e7df51956f79fe5512e2695,2025-11-30,2025-11,developer_tooling,Shell,321,29,30,380,1
aaf4e622181034423e7df51956f79fe5512e2695,2025-11-30,2025-11,docs,HTML,2168,0,0,2168,2
aaf4e622181034423e7df51956f79fe5512e2695,2025-11-30,2025-11,docs,Markdown,0,5192,1788,6980,22
aaf4e622181034423e7df51956f79fe5512e2695,2025-11-30,2025-11,docs,Plain Text,0,76,2,78,1
aaf4e622181034423e7df51956f79fe5512e2695,2025-11-30,2025-11,packaging_integration,TOML,28,3,4,35,1
aaf4e622181034423e7df51956f79fe5512e2695,2025-11-30,2025-11,packaging_integration,YAML,127,6,2,135,1
432a0f775519c02bdb21343e0773ce6c4a96099e,2025-12-28,2025-12,artifacts,Rust,7034,4,0,7038,4
432a0f775519c02bdb21343e0773ce6c4a96099e,2025-12-28,2025-12,artifacts,YAML,37671,346,1608,39625,4
432a0f775519c02bdb21343e0773ce6c4a96099e,2025-12-28,2025-12,cli,Rust,4987,275,805,6067,5
432a0f775519c02bdb21343e0773ce6c4a96099e,2025-12-28,2025-12,cli,TOML,28,4,7,39,1
432a0f775519c02bdb21343e0773ce6c4a96099e,2025-12-28,2025-12,core,Protocol Buffers,432,62,75,569,1
432a0f775519c02bdb21343e0773ce6c4a96099e,2025-12-28,2025-12,core,Rust,15738,814,2253,18805,28
432a0f775519c02bdb21343e0773ce6c4a96099e,2025-12-28,2025-12,core,SQL,180,30,29,239,2
432a0f775519c02bdb21343e0773ce6c4a96099e,2025-12-28,2025-12,core,TOML,37,8,7,52,1
432a0f775519c02bdb21343e0773ce6c4a96099e,2025-12-28,2025-12,desktop_gui,HTML,20,1,2,23,1
432a0f775519c02bdb21343e0773ce6c4a96099e,2025-12-28,2025-12,desktop_gui,Rust,30790,2862,3747,37399,20
432a0f775519c02bdb21343e0773ce6c4a96099e,2025-12-28,2025-12,desktop_gui,TOML,102,30,16,148,2
432a0f775519c02bdb21343e0773ce6c4a96099e,2025-12-28,2025-12,developer_tooling,Shell,321,29,30,380,1
432a0f775519c02bdb21343e0773ce6c4a96099e,2025-12-28,2025-12,docs,CSS,342,20,58,420,1
432a0f775519c02bdb21343e0773ce6c4a96099e,2025-12-28,2025-12,docs,HTML,8248,13,66,8327,7
432a0f775519c02bdb21343e0773ce6c4a96099e,2025-12-28,2025-12,docs,Markdown,0,7590,2323,9913,27
432a0f775519c02bdb21343e0773ce6c4a96099e,2025-12-28,2025-12,docs,Plain Text,0,76,2,78,1
432a0f775519c02bdb21343e0773ce6c4a96099e,2025-12-28,2025-12,packaging_integration,Alex,55,0,12,67,1
432a0f775519c02bdb21343e0773ce6c4a96099e,2025-12-28,2025-12,packaging_integration,BASH,132,18,22,172,1
432a0f775519c02bdb21343e0773ce6c4a96099e,2025-12-28,2025-12,packaging_integration,Markdown,0,976,431,1407,17
432a0f775519c02bdb21343e0773ce6c4a96099e,2025-12-28,2025-12,packaging_integration,Plain Text,0,1,0,1,1
432a0f775519c02bdb21343e0773ce6c4a96099e,2025-12-28,2025-12,packaging_integration,TOML,49,5,6,60,1
432a0f775519c02bdb21343e0773ce6c4a96099e,2025-12-28,2025-12,packaging_integration,YAML,261,19,48,328,2
432a0f775519c02bdb21343e0773ce6c4a96099e,2025-12-28,2025-12,server,Rust,1861,191,291,2343,5
432a0f775519c02bdb21343e0773ce6c4a96099e,2025-12-28,2025-12,server,TOML,34,3,6,43,1
432a0f775519c02bdb21343e0773ce6c4a96099e,2025-12-28,2025-12,tests_automation,Makefile,265,43,77,385,1
432a0f775519c02bdb21343e0773ce6c4a96099e,2025-12-28,2025-12,web_ui,HTML,19,0,0,19,1
432a0f775519c02bdb21343e0773ce6c4a96099e,2025-12-28,2025-12,web_ui,Rust,1076,77,161,1314,5
432a0f775519c02bdb21343e0773ce6c4a96099e,2025-12-28,2025-12,web_ui,TOML,52,13,15,80,2
65476cff75eb1c32ba0e8d23dfa92baf1ff42355,2026-01-03,2026-01,artifacts,Rust,7034,4,0,7038,4
65476cff75eb1c32ba0e8d23dfa92baf1ff42355,2026-01-03,2026-01,artifacts,YAML,37671,346,1608,39625,4
65476cff75eb1c32ba0e8d23dfa92baf1ff42355,2026-01-03,2026-01,cli,Rust,4987,275,805,6067,5
65476cff75eb1c32ba0e8d23dfa92baf1ff42355,2026-01-03,2026-01,cli,TOML,28,4,7,39,1
65476cff75eb1c32ba0e8d23dfa92baf1ff42355,2026-01-03,2026-01,core,Protocol Buffers,432,62,75,569,1
65476cff75eb1c32ba0e8d23dfa92baf1ff42355,2026-01-03,2026-01,core,Rust,16058,820,2274,19152,28
65476cff75eb1c32ba0e8d23dfa92baf1ff42355,2026-01-03,2026-01,core,SQL,180,30,29,239,2
65476cff75eb1c32ba0e8d23dfa92baf1ff42355,2026-01-03,2026-01,core,TOML,37,8,7,52,1
65476cff75eb1c32ba0e8d23dfa92baf1ff42355,2026-01-03,2026-01,desktop_gui,HTML,20,1,2,23,1
65476cff75eb1c32ba0e8d23dfa92baf1ff42355,2026-01-03,2026-01,desktop_gui,Rust,31798,2949,3871,38618,20
65476cff75eb1c32ba0e8d23dfa92baf1ff42355,2026-01-03,2026-01,desktop_gui,TOML,111,31,16,158,2
65476cff75eb1c32ba0e8d23dfa92baf1ff42355,2026-01-03,2026-01,developer_tooling,Shell,321,29,30,380,1
65476cff75eb1c32ba0e8d23dfa92baf1ff42355,2026-01-03,2026-01,docs,CSS,342,20,58,420,1
65476cff75eb1c32ba0e8d23dfa92baf1ff42355,2026-01-03,2026-01,docs,HTML,8248,13,66,8327,7
65476cff75eb1c32ba0e8d23dfa92baf1ff42355,2026-01-03,2026-01,docs,Markdown,0,7757,2371,10128,27
65476cff75eb1c32ba0e8d23dfa92baf1ff42355,2026-01-03,2026-01,docs,Plain Text,0,76,2,78,1
65476cff75eb1c32ba0e8d23dfa92baf1ff42355,2026-01-03,2026-01,packaging_integration,Alex,55,0,12,67,1
65476cff75eb1c32ba0e8d23dfa92baf1ff42355,2026-01-03,2026-01,packaging_integration,BASH,132,18,22,172,1
65476cff75eb1c32ba0e8d23dfa92baf1ff42355,2026-01-03,2026-01,packaging_integration,JSON,28,0,0,28,1
65476cff75eb1c32ba0e8d23dfa92baf1ff42355,2026-01-03,2026-01,packaging_integration,Markdown,0,976,431,1407,17
65476cff75eb1c32ba0e8d23dfa92baf1ff42355,2026-01-03,2026-01,packaging_integration,Plain Text,0,1,0,1,1
65476cff75eb1c32ba0e8d23dfa92baf1ff42355,2026-01-03,2026-01,packaging_integration,Shell,79,48,26,153,2
65476cff75eb1c32ba0e8d23dfa92baf1ff42355,2026-01-03,2026-01,packaging_integration,TOML,49,5,6,60,1
65476cff75eb1c32ba0e8d23dfa92baf1ff42355,2026-01-03,2026-01,packaging_integration,YAML,350,48,73,471,2
65476cff75eb1c32ba0e8d23dfa92baf1ff42355,2026-01-03,2026-01,server,Rust,3330,209,539,4078,6
65476cff75eb1c32ba0e8d23dfa92baf1ff42355,2026-01-03,2026-01,server,TOML,38,3,7,48,1
65476cff75eb1c32ba0e8d23dfa92baf1ff42355,2026-01-03,2026-01,tests_automation,Makefile,265,43,77,385,1
65476cff75eb1c32ba0e8d23dfa92baf1ff42355,2026-01-03,2026-01,web_ui,HTML,19,0,0,19,1
65476cff75eb1c32ba0e8d23dfa92baf1ff42355,2026-01-03,2026-01,web_ui,Rust,1076,77,161,1314,5
65476cff75eb1c32ba0e8d23dfa92baf1ff42355,2026-01-03,2026-01,web_ui,TOML,52,13,15,80,2
7a41a7dd0308fc1b0a860cb6d481392d70992d7d,2026-02-23,2026-02,artifacts,JSON,5715,0,0,5715,1
7a41a7dd0308fc1b0a860cb6d481392d70992d7d,2026-02-23,2026-02,artifacts,Rust,7040,4,0,7044,4
7a41a7dd0308fc1b0a860cb6d481392d70992d7d,2026-02-23,2026-02,artifacts,YAML,44241,431,2654,47326,5
7a41a7dd0308fc1b0a860cb6d481392d70992d7d,2026-02-23,2026-02,cli,Rust,6001,311,917,7229,6
7a41a7dd0308fc1b0a860cb6d481392d70992d7d,2026-02-23,2026-02,cli,TOML,30,4,7,41,1
7a41a7dd0308fc1b0a860cb6d481392d70992d7d,2026-02-23,2026-02,core,Protocol Buffers,433,62,75,570,1
7a41a7dd0308fc1b0a860cb6d481392d70992d7d,2026-02-23,2026-02,core,Rust,15390,859,2335,18584,31
7a41a7dd0308fc1b0a860cb6d481392d70992d7d,2026-02-23,2026-02,core,SQL,200,34,33,267,2
7a41a7dd0308fc1b0a860cb6d481392d70992d7d,2026-02-23,2026-02,core,TOML,38,8,8,54,1
7a41a7dd0308fc1b0a860cb6d481392d70992d7d,2026-02-23,2026-02,desktop_gui,HTML,20,1,2,23,1
7a41a7dd0308fc1b0a860cb6d481392d70992d7d,2026-02-23,2026-02,desktop_gui,Rust,31829,2949,3873,38651,20
7a41a7dd0308fc1b0a860cb6d481392d70992d7d,2026-02-23,2026-02,desktop_gui,TOML,111,31,16,158,2
7a41a7dd0308fc1b0a860cb6d481392d70992d7d,2026-02-23,2026-02,developer_tooling,Rust,88,4,10,102,1
7a41a7dd0308fc1b0a860cb6d481392d70992d7d,2026-02-23,2026-02,developer_tooling,Shell,321,29,30,380,1
7a41a7dd0308fc1b0a860cb6d481392d70992d7d,2026-02-23,2026-02,developer_tooling,TOML,9,0,1,10,1
7a41a7dd0308fc1b0a860cb6d481392d70992d7d,2026-02-23,2026-02,docs,CSS,342,20,58,420,1
7a41a7dd0308fc1b0a860cb6d481392d70992d7d,2026-02-23,2026-02,docs,HTML,10193,13,66,10272,7
7a41a7dd0308fc1b0a860cb6d481392d70992d7d,2026-02-23,2026-02,docs,Markdown,0,10702,3410,14112,55
7a41a7dd0308fc1b0a860cb6d481392d70992d7d,2026-02-23,2026-02,docs,Plain Text,0,76,2,78,1
7a41a7dd0308fc1b0a860cb6d481392d70992d7d,2026-02-23,2026-02,packaging_integration,Alex,55,0,12,67,1
7a41a7dd0308fc1b0a860cb6d481392d70992d7d,2026-02-23,2026-02,packaging_integration,BASH,132,18,22,172,1
7a41a7dd0308fc1b0a860cb6d481392d70992d7d,2026-02-23,2026-02,packaging_integration,Dockerfile,32,22,21,75,1
7a41a7dd0308fc1b0a860cb6d481392d70992d7d,2026-02-23,2026-02,packaging_integration,JSON,28,0,0,28,1
7a41a7dd0308fc1b0a860cb6d481392d70992d7d,2026-02-23,2026-02,packaging_integration,Markdown,0,1389,617,2006,29
7a41a7dd0308fc1b0a860cb6d481392d70992d7d,2026-02-23,2026-02,packaging_integration,Plain Text,0,1,0,1,1
7a41a7dd0308fc1b0a860cb6d481392d70992d7d,2026-02-23,2026-02,packaging_integration,Shell,108,60,35,203,4
7a41a7dd0308fc1b0a860cb6d481392d70992d7d,2026-02-23,2026-02,packaging_integration,TOML,51,5,6,62,1
7a41a7dd0308fc1b0a860cb6d481392d70992d7d,2026-02-23,2026-02,packaging_integration,YAML,360,48,73,481,3
7a41a7dd0308fc1b0a860cb6d481392d70992d7d,2026-02-23,2026-02,server,Rust,6212,422,957,7591,10
7a41a7dd0308fc1b0a860cb6d481392d70992d7d,2026-02-23,2026-02,server,TOML,43,4,9,56,1
7a41a7dd0308fc1b0a860cb6d481392d70992d7d,2026-02-23,2026-02,tests_automation,Makefile,286,46,84,416,1
7a41a7dd0308fc1b0a860cb6d481392d70992d7d,2026-02-23,2026-02,web_ui,CSS,69,1,9,79,1
7a41a7dd0308fc1b0a860cb6d481392d70992d7d,2026-02-23,2026-02,web_ui,HTML,35,0,0,35,2
7a41a7dd0308fc1b0a860cb6d481392d70992d7d,2026-02-23,2026-02,web_ui,JSON,113,0,5,118,4
7a41a7dd0308fc1b0a860cb6d481392d70992d7d,2026-02-23,2026-02,web_ui,JavaScript,22,0,1,23,1
7a41a7dd0308fc1b0a860cb6d481392d70992d7d,2026-02-23,2026-02,web_ui,Rust,1077,77,161,1315,5
7a41a7dd0308fc1b0a860cb6d481392d70992d7d,2026-02-23,2026-02,web_ui,SVG,2,0,0,2,2
7a41a7dd0308fc1b0a860cb6d481392d70992d7d,2026-02-23,2026-02,web_ui,TOML,52,13,15,80,2
7a41a7dd0308fc1b0a860cb6d481392d70992d7d,2026-02-23,2026-02,web_ui,TSX,9655,97,856,10608,87
7a41a7dd0308fc1b0a860cb6d481392d70992d7d,2026-02-23,2026-02,web_ui,TypeScript,3079,922,483,4484,42
b8355a0233864bb9a9652b4b5d29e94d92dd4a9f,2026-03-19,2026-03,artifacts,JSON,5715,0,0,5715,1
b8355a0233864bb9a9652b4b5d29e94d92dd4a9f,2026-03-19,2026-03,artifacts,Rust,7042,4,0,7046,4
b8355a0233864bb9a9652b4b5d29e94d92dd4a9f,2026-03-19,2026-03,artifacts,TOML,11,0,0,11,1
b8355a0233864bb9a9652b4b5d29e94d92dd4a9f,2026-03-19,2026-03,artifacts,YAML,67707,760,3980,72447,362
b8355a0233864bb9a9652b4b5d29e94d92dd4a9f,2026-03-19,2026-03,cli,Rust,8992,229,812,10033,6
b8355a0233864bb9a9652b4b5d29e94d92dd4a9f,2026-03-19,2026-03,cli,TOML,36,4,7,47,1
b8355a0233864bb9a9652b4b5d29e94d92dd4a9f,2026-03-19,2026-03,core,Protocol Buffers,434,62,75,571,1
b8355a0233864bb9a9652b4b5d29e94d92dd4a9f,2026-03-19,2026-03,core,Rust,21845,1095,3235,26175,55
b8355a0233864bb9a9652b4b5d29e94d92dd4a9f,2026-03-19,2026-03,core,SQL,206,34,33,273,2
b8355a0233864bb9a9652b4b5d29e94d92dd4a9f,2026-03-19,2026-03,core,TOML,61,11,11,83,2
b8355a0233864bb9a9652b4b5d29e94d92dd4a9f,2026-03-19,2026-03,desktop_gui,HTML,20,1,2,23,1
b8355a0233864bb9a9652b4b5d29e94d92dd4a9f,2026-03-19,2026-03,desktop_gui,Rust,34210,2952,3871,41033,20
b8355a0233864bb9a9652b4b5d29e94d92dd4a9f,2026-03-19,2026-03,desktop_gui,TOML,111,31,16,158,2
b8355a0233864bb9a9652b4b5d29e94d92dd4a9f,2026-03-19,2026-03,developer_tooling,Rust,88,4,9,101,1
b8355a0233864bb9a9652b4b5d29e94d92dd4a9f,2026-03-19,2026-03,developer_tooling,Shell,321,29,30,380,1
b8355a0233864bb9a9652b4b5d29e94d92dd4a9f,2026-03-19,2026-03,developer_tooling,TOML,9,0,1,10,1
b8355a0233864bb9a9652b4b5d29e94d92dd4a9f,2026-03-19,2026-03,docs,CSS,342,20,58,420,1
b8355a0233864bb9a9652b4b5d29e94d92dd4a9f,2026-03-19,2026-03,docs,HTML,10193,13,66,10272,7
b8355a0233864bb9a9652b4b5d29e94d92dd4a9f,2026-03-19,2026-03,docs,Markdown,0,14646,5080,19726,74
b8355a0233864bb9a9652b4b5d29e94d92dd4a9f,2026-03-19,2026-03,docs,Plain Text,0,76,2,78,1
b8355a0233864bb9a9652b4b5d29e94d92dd4a9f,2026-03-19,2026-03,packaging_integration,Alex,55,0,12,67,1
b8355a0233864bb9a9652b4b5d29e94d92dd4a9f,2026-03-19,2026-03,packaging_integration,BASH,132,18,22,172,1
b8355a0233864bb9a9652b4b5d29e94d92dd4a9f,2026-03-19,2026-03,packaging_integration,Dockerfile,32,22,21,75,1
b8355a0233864bb9a9652b4b5d29e94d92dd4a9f,2026-03-19,2026-03,packaging_integration,JSON,33,0,0,33,1
b8355a0233864bb9a9652b4b5d29e94d92dd4a9f,2026-03-19,2026-03,packaging_integration,Markdown,0,2390,1034,3424,37
b8355a0233864bb9a9652b4b5d29e94d92dd4a9f,2026-03-19,2026-03,packaging_integration,Plain Text,0,1,0,1,1
b8355a0233864bb9a9652b4b5d29e94d92dd4a9f,2026-03-19,2026-03,packaging_integration,Shell,221,103,61,385,6
b8355a0233864bb9a9652b4b5d29e94d92dd4a9f,2026-03-19,2026-03,packaging_integration,TOML,55,5,6,66,1
b8355a0233864bb9a9652b4b5d29e94d92dd4a9f,2026-03-19,2026-03,packaging_integration,YAML,280,38,50,368,3
b8355a0233864bb9a9652b4b5d29e94d92dd4a9f,2026-03-19,2026-03,server,Rust,8926,421,1157,10504,12
b8355a0233864bb9a9652b4b5d29e94d92dd4a9f,2026-03-19,2026-03,server,TOML,44,4,9,57,1
b8355a0233864bb9a9652b4b5d29e94d92dd4a9f,2026-03-19,2026-03,tests_automation,Makefile,373,49,92,514,1
b8355a0233864bb9a9652b4b5d29e94d92dd4a9f,2026-03-19,2026-03,tests_automation,Shell,100,45,36,181,1
b8355a0233864bb9a9652b4b5d29e94d92dd4a9f,2026-03-19,2026-03,web_ui,CSS,69,1,9,79,1
b8355a0233864bb9a9652b4b5d29e94d92dd4a9f,2026-03-19,2026-03,web_ui,HTML,35,0,0,35,2
b8355a0233864bb9a9652b4b5d29e94d92dd4a9f,2026-03-19,2026-03,web_ui,JSON,113,0,5,118,4
b8355a0233864bb9a9652b4b5d29e94d92dd4a9f,2026-03-19,2026-03,web_ui,JavaScript,22,0,1,23,1
b8355a0233864bb9a9652b4b5d29e94d92dd4a9f,2026-03-19,2026-03,web_ui,Rust,1154,77,161,1392,5
b8355a0233864bb9a9652b4b5d29e94d92dd4a9f,2026-03-19,2026-03,web_ui,SVG,2,0,0,2,2
b8355a0233864bb9a9652b4b5d29e94d92dd4a9f,2026-03-19,2026-03,web_ui,TOML,52,13,15,80,2
b8355a0233864bb9a9652b4b5d29e94d92dd4a9f,2026-03-19,2026-03,web_ui,TSX,11544,102,993,12639,93
b8355a0233864bb9a9652b4b5d29e94d92dd4a9f,2026-03-19,2026-03,web_ui,TypeScript,3613,934,548,5095,46
c195150573beaddaddf2b147eac293973492c389,2026-05-31,2026-05,artifacts,JSON,5715,0,0,5715,1
c195150573beaddaddf2b147eac293973492c389,2026-05-31,2026-05,artifacts,Rust,4220,2,0,4222,2
c195150573beaddaddf2b147eac293973492c389,2026-05-31,2026-05,artifacts,YAML,44273,431,2654,47358,5
c195150573beaddaddf2b147eac293973492c389,2026-05-31,2026-05,cli,Rust,95104,7794,7593,110491,48
c195150573beaddaddf2b147eac293973492c389,2026-05-31,2026-05,cli,TOML,48,20,10,78,1
c195150573beaddaddf2b147eac293973492c389,2026-05-31,2026-05,core,Protocol Buffers,436,66,75,577,1
c195150573beaddaddf2b147eac293973492c389,2026-05-31,2026-05,core,Rust,30135,1972,3962,36069,67
c195150573beaddaddf2b147eac293973492c389,2026-05-31,2026-05,core,SQL,247,40,38,325,3
c195150573beaddaddf2b147eac293973492c389,2026-05-31,2026-05,core,TOML,61,14,11,86,2
c195150573beaddaddf2b147eac293973492c389,2026-05-31,2026-05,developer_tooling,Rust,90,5,9,104,1
c195150573beaddaddf2b147eac293973492c389,2026-05-31,2026-05,developer_tooling,Shell,321,29,30,380,1
c195150573beaddaddf2b147eac293973492c389,2026-05-31,2026-05,developer_tooling,TOML,9,0,1,10,1
c195150573beaddaddf2b147eac293973492c389,2026-05-31,2026-05,docs,CSS,342,20,58,420,1
c195150573beaddaddf2b147eac293973492c389,2026-05-31,2026-05,docs,HTML,10193,13,66,10272,7
c195150573beaddaddf2b147eac293973492c389,2026-05-31,2026-05,docs,JavaScript,201,21,20,242,1
c195150573beaddaddf2b147eac293973492c389,2026-05-31,2026-05,docs,Markdown,0,34008,11042,45050,226
c195150573beaddaddf2b147eac293973492c389,2026-05-31,2026-05,docs,Python,403,11,79,493,2
c195150573beaddaddf2b147eac293973492c389,2026-05-31,2026-05,docs,YAML,329,21,23,373,1
c195150573beaddaddf2b147eac293973492c389,2026-05-31,2026-05,packaging_integration,Alex,55,0,12,67,1
c195150573beaddaddf2b147eac293973492c389,2026-05-31,2026-05,packaging_integration,BASH,142,55,23,220,1
c195150573beaddaddf2b147eac293973492c389,2026-05-31,2026-05,packaging_integration,Dockerfile,31,32,21,84,1
c195150573beaddaddf2b147eac293973492c389,2026-05-31,2026-05,packaging_integration,JSON,71,0,0,71,1
c195150573beaddaddf2b147eac293973492c389,2026-05-31,2026-05,packaging_integration,Markdown,0,9949,3543,13492,154
c195150573beaddaddf2b147eac293973492c389,2026-05-31,2026-05,packaging_integration,Plain Text,0,1,0,1,1
c195150573beaddaddf2b147eac293973492c389,2026-05-31,2026-05,packaging_integration,Shell,426,217,102,745,10
c195150573beaddaddf2b147eac293973492c389,2026-05-31,2026-05,packaging_integration,TOML,95,26,22,143,3
c195150573beaddaddf2b147eac293973492c389,2026-05-31,2026-05,packaging_integration,YAML,609,59,73,741,4
c195150573beaddaddf2b147eac293973492c389,2026-05-31,2026-05,server,Rust,8858,451,1147,10456,12
c195150573beaddaddf2b147eac293973492c389,2026-05-31,2026-05,server,TOML,44,4,9,57,1
c195150573beaddaddf2b147eac293973492c389,2026-05-31,2026-05,tests_automation,Makefile,415,62,90,567,1
c195150573beaddaddf2b147eac293973492c389,2026-05-31,2026-05,tests_automation,Python,1011,28,154,1193,3
c195150573beaddaddf2b147eac293973492c389,2026-05-31,2026-05,tests_automation,Rust,182,20,21,223,2
c195150573beaddaddf2b147eac293973492c389,2026-05-31,2026-05,tests_automation,Shell,2465,791,350,3606,18
c195150573beaddaddf2b147eac293973492c389,2026-05-31,2026-05,tui,Rust,4630,261,476,5367,18
c195150573beaddaddf2b147eac293973492c389,2026-05-31,2026-05,tui,TOML,22,6,3,31,1
c195150573beaddaddf2b147eac293973492c389,2026-05-31,2026-05,web_ui,CSS,69,1,9,79,1
c195150573beaddaddf2b147eac293973492c389,2026-05-31,2026-05,web_ui,HTML,16,0,0,16,1
c195150573beaddaddf2b147eac293973492c389,2026-05-31,2026-05,web_ui,JSON,113,0,5,118,4
c195150573beaddaddf2b147eac293973492c389,2026-05-31,2026-05,web_ui,JavaScript,22,0,1,23,1
c195150573beaddaddf2b147eac293973492c389,2026-05-31,2026-05,web_ui,SVG,2,0,0,2,2
c195150573beaddaddf2b147eac293973492c389,2026-05-31,2026-05,web_ui,TSX,11550,112,993,12655,93
c195150573beaddaddf2b147eac293973492c389,2026-05-31,2026-05,web_ui,TypeScript,3631,979,550,5160,46
c72827539e1ffb5e4a76194d38f3636011f47396,2026-06-30,2026-06,artifacts,CSS,2334,18,0,2352,1
c72827539e1ffb5e4a76194d38f3636011f47396,2026-06-30,2026-06,artifacts,JSON,5715,0,0,5715,1
c72827539e1ffb5e4a76194d38f3636011f47396,2026-06-30,2026-06,artifacts,JavaScript,1,0,0,1,1
c72827539e1ffb5e4a76194d38f3636011f47396,2026-06-30,2026-06,artifacts,Markdown,0,12,5,17,1
c72827539e1ffb5e4a76194d38f3636011f47396,2026-06-30,2026-06,artifacts,Rust,4220,2,0,4222,2
c72827539e1ffb5e4a76194d38f3636011f47396,2026-06-30,2026-06,artifacts,YAML,3962,0,889,4851,3
c72827539e1ffb5e4a76194d38f3636011f47396,2026-06-30,2026-06,cli,Rust,188211,20996,14363,223570,105
c72827539e1ffb5e4a76194d38f3636011f47396,2026-06-30,2026-06,cli,TOML,50,24,10,84,1
c72827539e1ffb5e4a76194d38f3636011f47396,2026-06-30,2026-06,core,Protocol Buffers,436,66,75,577,1
c72827539e1ffb5e4a76194d38f3636011f47396,2026-06-30,2026-06,core,Rust,41715,3763,5310,50788,76
c72827539e1ffb5e4a76194d38f3636011f47396,2026-06-30,2026-06,core,SQL,268,62,39,369,3
c72827539e1ffb5e4a76194d38f3636011f47396,2026-06-30,2026-06,core,TOML,61,14,11,86,2
c72827539e1ffb5e4a76194d38f3636011f47396,2026-06-30,2026-06,developer_tooling,Rust,113,31,11,155,1
c72827539e1ffb5e4a76194d38f3636011f47396,2026-06-30,2026-06,developer_tooling,Shell,321,29,30,380,1
c72827539e1ffb5e4a76194d38f3636011f47396,2026-06-30,2026-06,developer_tooling,TOML,9,0,1,10,1
c72827539e1ffb5e4a76194d38f3636011f47396,2026-06-30,2026-06,docs,CSS,342,20,58,420,1
c72827539e1ffb5e4a76194d38f3636011f47396,2026-06-30,2026-06,docs,HTML,5860,0,28,5888,7
c72827539e1ffb5e4a76194d38f3636011f47396,2026-06-30,2026-06,docs,JavaScript,229,25,27,281,2
c72827539e1ffb5e4a76194d38f3636011f47396,2026-06-30,2026-06,docs,Markdown,0,54185,18044,72229,403
c72827539e1ffb5e4a76194d38f3636011f47396,2026-06-30,2026-06,docs,Python,1075,113,171,1359,5
c72827539e1ffb5e4a76194d38f3636011f47396,2026-06-30,2026-06,docs,Shell,284,109,35,428,3
c72827539e1ffb5e4a76194d38f3636011f47396,2026-06-30,2026-06,docs,TOML,43,23,9,75,2
c72827539e1ffb5e4a76194d38f3636011f47396,2026-06-30,2026-06,docs,YAML,329,21,23,373,1
c72827539e1ffb5e4a76194d38f3636011f47396,2026-06-30,2026-06,packaging_integration,BASH,142,66,23,231,1
c72827539e1ffb5e4a76194d38f3636011f47396,2026-06-30,2026-06,packaging_integration,Dockerfile,31,32,21,84,1
c72827539e1ffb5e4a76194d38f3636011f47396,2026-06-30,2026-06,packaging_integration,JSON,127,0,0,127,1
c72827539e1ffb5e4a76194d38f3636011f47396,2026-06-30,2026-06,packaging_integration,Markdown,0,13559,4489,18048,183
c72827539e1ffb5e4a76194d38f3636011f47396,2026-06-30,2026-06,packaging_integration,Shell,838,500,151,1489,15
c72827539e1ffb5e4a76194d38f3636011f47396,2026-06-30,2026-06,packaging_integration,TOML,96,50,24,170,3
c72827539e1ffb5e4a76194d38f3636011f47396,2026-06-30,2026-06,packaging_integration,YAML,519,51,29,599,4
c72827539e1ffb5e4a76194d38f3636011f47396,2026-06-30,2026-06,server,Rust,9498,526,1217,11241,12
c72827539e1ffb5e4a76194d38f3636011f47396,2026-06-30,2026-06,server,TOML,44,4,9,57,1
c72827539e1ffb5e4a76194d38f3636011f47396,2026-06-30,2026-06,tests_automation,JSON,55,0,0,55,2
c72827539e1ffb5e4a76194d38f3636011f47396,2026-06-30,2026-06,tests_automation,Makefile,421,65,93,579,1
c72827539e1ffb5e4a76194d38f3636011f47396,2026-06-30,2026-06,tests_automation,Markdown,0,158,33,191,1
c72827539e1ffb5e4a76194d38f3636011f47396,2026-06-30,2026-06,tests_automation,Python,1539,116,233,1888,4
c72827539e1ffb5e4a76194d38f3636011f47396,2026-06-30,2026-06,tests_automation,Rust,850,93,87,1030,6
c72827539e1ffb5e4a76194d38f3636011f47396,2026-06-30,2026-06,tests_automation,Shell,6050,2367,838,9255,32
c72827539e1ffb5e4a76194d38f3636011f47396,2026-06-30,2026-06,tui,Rust,17313,2139,1579,21031,29
c72827539e1ffb5e4a76194d38f3636011f47396,2026-06-30,2026-06,tui,TOML,28,33,8,69,1
c72827539e1ffb5e4a76194d38f3636011f47396,2026-06-30,2026-06,web_ui,CSS,69,1,9,79,1
c72827539e1ffb5e4a76194d38f3636011f47396,2026-06-30,2026-06,web_ui,HTML,16,0,0,16,1
c72827539e1ffb5e4a76194d38f3636011f47396,2026-06-30,2026-06,web_ui,JSON,113,0,5,118,4
c72827539e1ffb5e4a76194d38f3636011f47396,2026-06-30,2026-06,web_ui,JavaScript,22,0,1,23,1
c72827539e1ffb5e4a76194d38f3636011f47396,2026-06-30,2026-06,web_ui,SVG,2,0,0,2,2
c72827539e1ffb5e4a76194d38f3636011f47396,2026-06-30,2026-06,web_ui,TSX,12151,155,1054,13360,99
c72827539e1ffb5e4a76194d38f3636011f47396,2026-06-30,2026-06,web_ui,TypeScript,3840,1356,579,5775,48
95276899d600d14a0227897967ad0d2faf1fb1cc,2026-07-23,2026-07,artifacts,CSS,2334,18,0,2352,1
95276899d600d14a0227897967ad0d2faf1fb1cc,2026-07-23,2026-07,artifacts,JSON,5715,0,0,5715,1
95276899d600d14a0227897967ad0d2faf1fb1cc,2026-07-23,2026-07,artifacts,JavaScript,1,0,0,1,1
95276899d600d14a0227897967ad0d2faf1fb1cc,2026-07-23,2026-07,artifacts,Markdown,0,12,5,17,1
95276899d600d14a0227897967ad0d2faf1fb1cc,2026-07-23,2026-07,artifacts,Rust,4223,2,0,4225,2
95276899d600d14a0227897967ad0d2faf1fb1cc,2026-07-23,2026-07,artifacts,YAML,3962,0,889,4851,3
95276899d600d14a0227897967ad0d2faf1fb1cc,2026-07-23,2026-07,cli,Rust,192080,24362,14237,230679,197
95276899d600d14a0227897967ad0d2faf1fb1cc,2026-07-23,2026-07,cli,TOML,71,32,14,117,2
95276899d600d14a0227897967ad0d2faf1fb1cc,2026-07-23,2026-07,core,Protocol Buffers,437,69,75,581,1
95276899d600d14a0227897967ad0d2faf1fb1cc,2026-07-23,2026-07,core,Rust,49126,4850,6081,60057,85
95276899d600d14a0227897967ad0d2faf1fb1cc,2026-07-23,2026-07,core,SQL,274,85,39,398,3
95276899d600d14a0227897967ad0d2faf1fb1cc,2026-07-23,2026-07,core,TOML,62,18,11,91,2
95276899d600d14a0227897967ad0d2faf1fb1cc,2026-07-23,2026-07,developer_tooling,Rust,113,31,11,155,1
95276899d600d14a0227897967ad0d2faf1fb1cc,2026-07-23,2026-07,developer_tooling,Shell,321,29,30,380,1
95276899d600d14a0227897967ad0d2faf1fb1cc,2026-07-23,2026-07,developer_tooling,TOML,9,0,1,10,1
95276899d600d14a0227897967ad0d2faf1fb1cc,2026-07-23,2026-07,docs,CSS,342,20,58,420,1
95276899d600d14a0227897967ad0d2faf1fb1cc,2026-07-23,2026-07,docs,HTML,5860,0,28,5888,7
95276899d600d14a0227897967ad0d2faf1fb1cc,2026-07-23,2026-07,docs,JavaScript,229,25,27,281,2
95276899d600d14a0227897967ad0d2faf1fb1cc,2026-07-23,2026-07,docs,Markdown,0,57186,18964,76150,431
95276899d600d14a0227897967ad0d2faf1fb1cc,2026-07-23,2026-07,docs,Python,1075,113,171,1359,5
95276899d600d14a0227897967ad0d2faf1fb1cc,2026-07-23,2026-07,docs,SVG,258,30,34,322,5
95276899d600d14a0227897967ad0d2faf1fb1cc,2026-07-23,2026-07,docs,Shell,284,109,35,428,3
95276899d600d14a0227897967ad0d2faf1fb1cc,2026-07-23,2026-07,docs,TOML,43,23,9,75,2
95276899d600d14a0227897967ad0d2faf1fb1cc,2026-07-23,2026-07,docs,YAML,329,21,23,373,1
95276899d600d14a0227897967ad0d2faf1fb1cc,2026-07-23,2026-07,packaging_integration,BASH,142,66,23,231,1
95276899d600d14a0227897967ad0d2faf1fb1cc,2026-07-23,2026-07,packaging_integration,Dockerfile,31,32,21,84,1
95276899d600d14a0227897967ad0d2faf1fb1cc,2026-07-23,2026-07,packaging_integration,JSON,127,0,0,127,1
95276899d600d14a0227897967ad0d2faf1fb1cc,2026-07-23,2026-07,packaging_integration,Markdown,0,14041,4609,18650,187
95276899d600d14a0227897967ad0d2faf1fb1cc,2026-07-23,2026-07,packaging_integration,Shell,901,611,159,1671,15
95276899d600d14a0227897967ad0d2faf1fb1cc,2026-07-23,2026-07,packaging_integration,TOML,98,52,24,174,3
95276899d600d14a0227897967ad0d2faf1fb1cc,2026-07-23,2026-07,packaging_integration,YAML,519,51,29,599,4
95276899d600d14a0227897967ad0d2faf1fb1cc,2026-07-23,2026-07,server,Rust,9507,538,1217,11262,12
95276899d600d14a0227897967ad0d2faf1fb1cc,2026-07-23,2026-07,server,TOML,45,4,9,58,1
95276899d600d14a0227897967ad0d2faf1fb1cc,2026-07-23,2026-07,tests_automation,JSON,68,0,0,68,2
95276899d600d14a0227897967ad0d2faf1fb1cc,2026-07-23,2026-07,tests_automation,Lua,61,28,12,101,2
95276899d600d14a0227897967ad0d2faf1fb1cc,2026-07-23,2026-07,tests_automation,Makefile,424,72,94,590,1
95276899d600d14a0227897967ad0d2faf1fb1cc,2026-07-23,2026-07,tests_automation,Markdown,0,469,123,592,6
95276899d600d14a0227897967ad0d2faf1fb1cc,2026-07-23,2026-07,tests_automation,Python,1570,136,238,1944,4
95276899d600d14a0227897967ad0d2faf1fb1cc,2026-07-23,2026-07,tests_automation,Rust,32867,3830,3359,40056,199
95276899d600d14a0227897967ad0d2faf1fb1cc,2026-07-23,2026-07,tests_automation,Shell,6514,2574,902,9990,37
95276899d600d14a0227897967ad0d2faf1fb1cc,2026-07-23,2026-07,tui,Rust,19020,2595,1732,23347,30
95276899d600d14a0227897967ad0d2faf1fb1cc,2026-07-23,2026-07,tui,TOML,30,34,9,73,1
95276899d600d14a0227897967ad0d2faf1fb1cc,2026-07-23,2026-07,web_ui,CSS,69,1,9,79,1
95276899d600d14a0227897967ad0d2faf1fb1cc,2026-07-23,2026-07,web_ui,HTML,16,0,0,16,1
95276899d600d14a0227897967ad0d2faf1fb1cc,2026-07-23,2026-07,web_ui,JSON,113,0,5,118,4
95276899d600d14a0227897967ad0d2faf1fb1cc,2026-07-23,2026-07,web_ui,JavaScript,22,0,1,23,1
95276899d600d14a0227897967ad0d2faf1fb1cc,2026-07-23,2026-07,web_ui,SVG,2,0,0,2,2
95276899d600d14a0227897967ad0d2faf1fb1cc,2026-07-23,2026-07,web_ui,TSX,12151,155,1054,13360,99
95276899d600d14a0227897967ad0d2faf1fb1cc,2026-07-23,2026-07,web_ui,TypeScript,3840,1356,579,5775,48
8fd3b274169c85d63f9197fb4bcc87d5aff2eeaa,2026-08-30,2026-08,artifacts,CSS,2334,18,0,2352,1
8fd3b274169c85d63f9197fb4bcc87d5aff2eeaa,2026-08-30,2026-08,artifacts,JSON,5715,0,0,5715,1
8fd3b274169c85d63f9197fb4bcc87d5aff2eeaa,2026-08-30,2026-08,artifacts,JavaScript,1,0,0,1,1
8fd3b274169c85d63f9197fb4bcc87d5aff2eeaa,2026-08-30,2026-08,artifacts,Markdown,0,12,5,17,1
8fd3b274169c85d63f9197fb4bcc87d5aff2eeaa,2026-08-30,2026-08,artifacts,Rust,4223,2,0,4225,2
8fd3b274169c85d63f9197fb4bcc87d5aff2eeaa,2026-08-30,2026-08,artifacts,YAML,3962,0,889,4851,3
8fd3b274169c85d63f9197fb4bcc87d5aff2eeaa,2026-08-30,2026-08,cli,Rust,193725,24603,14366,232694,197
8fd3b274169c85d63f9197fb4bcc87d5aff2eeaa,2026-08-30,2026-08,cli,TOML,71,32,14,117,2
8fd3b274169c85d63f9197fb4bcc87d5aff2eeaa,2026-08-30,2026-08,core,Protocol Buffers,437,69,75,581,1
8fd3b274169c85d63f9197fb4bcc87d5aff2eeaa,2026-08-30,2026-08,core,Rust,50205,4908,6177,61290,87
8fd3b274169c85d63f9197fb4bcc87d5aff2eeaa,2026-08-30,2026-08,core,SQL,274,85,39,398,3
8fd3b274169c85d63f9197fb4bcc87d5aff2eeaa,2026-08-30,2026-08,core,TOML,62,18,11,91,2
8fd3b274169c85d63f9197fb4bcc87d5aff2eeaa,2026-08-30,2026-08,developer_tooling,Rust,113,31,11,155,1
8fd3b274169c85d63f9197fb4bcc87d5aff2eeaa,2026-08-30,2026-08,developer_tooling,Shell,321,29,30,380,1
8fd3b274169c85d63f9197fb4bcc87d5aff2eeaa,2026-08-30,2026-08,developer_tooling,TOML,9,0,1,10,1
8fd3b274169c85d63f9197fb4bcc87d5aff2eeaa,2026-08-30,2026-08,docs,CSS,342,20,58,420,1
8fd3b274169c85d63f9197fb4bcc87d5aff2eeaa,2026-08-30,2026-08,docs,HTML,5860,0,28,5888,7
8fd3b274169c85d63f9197fb4bcc87d5aff2eeaa,2026-08-30,2026-08,docs,JavaScript,229,25,27,281,2
8fd3b274169c85d63f9197fb4bcc87d5aff2eeaa,2026-08-30,2026-08,docs,Markdown,0,57578,19089,76667,434
8fd3b274169c85d63f9197fb4bcc87d5aff2eeaa,2026-08-30,2026-08,docs,Python,1075,113,171,1359,5
8fd3b274169c85d63f9197fb4bcc87d5aff2eeaa,2026-08-30,2026-08,docs,SVG,258,30,34,322,5
8fd3b274169c85d63f9197fb4bcc87d5aff2eeaa,2026-08-30,2026-08,docs,Shell,284,109,35,428,3
8fd3b274169c85d63f9197fb4bcc87d5aff2eeaa,2026-08-30,2026-08,docs,TOML,43,23,9,75,2
8fd3b274169c85d63f9197fb4bcc87d5aff2eeaa,2026-08-30,2026-08,docs,YAML,329,21,23,373,1
8fd3b274169c85d63f9197fb4bcc87d5aff2eeaa,2026-08-30,2026-08,packaging_integration,BASH,142,66,23,231,1
8fd3b274169c85d63f9197fb4bcc87d5aff2eeaa,2026-08-30,2026-08,packaging_integration,Dockerfile,31,32,21,84,1
8fd3b274169c85d63f9197fb4bcc87d5aff2eeaa,2026-08-30,2026-08,packaging_integration,JSON,235,0,0,235,2
8fd3b274169c85d63f9197fb4bcc87d5aff2eeaa,2026-08-30,2026-08,packaging_integration,Markdown,0,14061,4611,18672,187
8fd3b274169c85d63f9197fb4bcc87d5aff2eeaa,2026-08-30,2026-08,packaging_integration,Shell,904,618,160,1682,15
8fd3b274169c85d63f9197fb4bcc87d5aff2eeaa,2026-08-30,2026-08,packaging_integration,TOML,98,52,24,174,3
8fd3b274169c85d63f9197fb4bcc87d5aff2eeaa,2026-08-30,2026-08,packaging_integration,YAML,519,51,29,599,4
8fd3b274169c85d63f9197fb4bcc87d5aff2eeaa,2026-08-30,2026-08,server,Rust,9507,538,1217,11262,12
8fd3b274169c85d63f9197fb4bcc87d5aff2eeaa,2026-08-30,2026-08,server,TOML,45,4,9,58,1
8fd3b274169c85d63f9197fb4bcc87d5aff2eeaa,2026-08-30,2026-08,tests_automation,JSON,68,0,0,68,2
8fd3b274169c85d63f9197fb4bcc87d5aff2eeaa,2026-08-30,2026-08,tests_automation,Lua,61,28,12,101,2
8fd3b274169c85d63f9197fb4bcc87d5aff2eeaa,2026-08-30,2026-08,tests_automation,Makefile,424,72,94,590,1
8fd3b274169c85d63f9197fb4bcc87d5aff2eeaa,2026-08-30,2026-08,tests_automation,Markdown,0,469,123,592,6
8fd3b274169c85d63f9197fb4bcc87d5aff2eeaa,2026-08-30,2026-08,tests_automation,Python,1570,136,238,1944,4
8fd3b274169c85d63f9197fb4bcc87d5aff2eeaa,2026-08-30,2026-08,tests_automation,Rust,33625,3881,3424,40930,200
8fd3b274169c85d63f9197fb4bcc87d5aff2eeaa,2026-08-30,2026-08,tests_automation,Shell,6514,2574,902,9990,37
8fd3b274169c85d63f9197fb4bcc87d5aff2eeaa,2026-08-30,2026-08,tui,Rust,19020,2595,1732,23347,30
8fd3b274169c85d63f9197fb4bcc87d5aff2eeaa,2026-08-30,2026-08,tui,TOML,30,34,9,73,1
8fd3b274169c85d63f9197fb4bcc87d5aff2eeaa,2026-08-30,2026-08,web_ui,CSS,69,1,9,79,1
8fd3b274169c85d63f9197fb4bcc87d5aff2eeaa,2026-08-30,2026-08,web_ui,HTML,16,0,0,16,1
8fd3b274169c85d63f9197fb4bcc87d5aff2eeaa,2026-08-30,2026-08,web_ui,JSON,113,0,5,118,4
8fd3b274169c85d63f9197fb4bcc87d5aff2eeaa,2026-08-30,2026-08,web_ui,JavaScript,22,0,1,23,1
8fd3b274169c85d63f9197fb4bcc87d5aff2eeaa,2026-08-30,2026-08,web_ui,SVG,2,0,0,2,2
8fd3b274169c85d63f9197fb4bcc87d5aff2eeaa,2026-08-30,2026-08,web_ui,TSX,12151,155,1054,13360,99
8fd3b274169c85d63f9197fb4bcc87d5aff2eeaa,2026-08-30,2026-08,web_ui,TypeScript,3840,1356,579,5775,48
7c37dd81acf8972603487a8ce7d1fbb930295429,2026-09-30,2026-09,artifacts,CSS,2334,18,0,2352,1
7c37dd81acf8972603487a8ce7d1fbb930295429,2026-09-30,2026-09,artifacts,JSON,5715,0,0,5715,1
7c37dd81acf8972603487a8ce7d1fbb930295429,2026-09-30,2026-09,artifacts,JavaScript,2445,80,83,2608,2
7c37dd81acf8972603487a8ce7d1fbb930295429,2026-09-30,2026-09,artifacts,Markdown,0,12,5,17,1
7c37dd81acf8972603487a8ce7d1fbb930295429,2026-09-30,2026-09,artifacts,Rust,4223,2,0,4225,2
7c37dd81acf8972603487a8ce7d1fbb930295429,2026-09-30,2026-09,artifacts,TOML,44,2,4,50,1
7c37dd81acf8972603487a8ce7d1fbb930295429,2026-09-30,2026-09,artifacts,YAML,3962,0,889,4851,3
7c37dd81acf8972603487a8ce7d1fbb930295429,2026-09-30,2026-09,cli,Rust,243454,126712,17950,388116,263
7c37dd81acf8972603487a8ce7d1fbb930295429,2026-09-30,2026-09,cli,TOML,77,32,14,123,2
7c37dd81acf8972603487a8ce7d1fbb930295429,2026-09-30,2026-09,core,Protocol Buffers,437,69,75,581,1
7c37dd81acf8972603487a8ce7d1fbb930295429,2026-09-30,2026-09,core,Rust,68145,7053,7683,82881,101
7c37dd81acf8972603487a8ce7d1fbb930295429,2026-09-30,2026-09,core,SQL,276,92,39,407,3
7c37dd81acf8972603487a8ce7d1fbb930295429,2026-09-30,2026-09,core,TOML,62,18,11,91,2
7c37dd81acf8972603487a8ce7d1fbb930295429,2026-09-30,2026-09,developer_tooling,Rust,113,31,11,155,1
7c37dd81acf8972603487a8ce7d1fbb930295429,2026-09-30,2026-09,developer_tooling,Shell,321,29,30,380,1
7c37dd81acf8972603487a8ce7d1fbb930295429,2026-09-30,2026-09,developer_tooling,TOML,9,0,1,10,1
7c37dd81acf8972603487a8ce7d1fbb930295429,2026-09-30,2026-09,docs,CSS,342,20,58,420,1
7c37dd81acf8972603487a8ce7d1fbb930295429,2026-09-30,2026-09,docs,HTML,5860,0,28,5888,7
7c37dd81acf8972603487a8ce7d1fbb930295429,2026-09-30,2026-09,docs,JSON,23,0,0,23,1
7c37dd81acf8972603487a8ce7d1fbb930295429,2026-09-30,2026-09,docs,JavaScript,229,25,27,281,2
7c37dd81acf8972603487a8ce7d1fbb930295429,2026-09-30,2026-09,docs,Markdown,0,61019,19688,80707,469
7c37dd81acf8972603487a8ce7d1fbb930295429,2026-09-30,2026-09,docs,Python,1684,122,224,2030,9
7c37dd81acf8972603487a8ce7d1fbb930295429,2026-09-30,2026-09,docs,SVG,258,30,34,322,5
7c37dd81acf8972603487a8ce7d1fbb930295429,2026-09-30,2026-09,docs,Shell,284,109,35,428,3
7c37dd81acf8972603487a8ce7d1fbb930295429,2026-09-30,2026-09,docs,TOML,43,23,9,75,2
7c37dd81acf8972603487a8ce7d1fbb930295429,2026-09-30,2026-09,packaging_integration,BASH,142,66,23,231,1
7c37dd81acf8972603487a8ce7d1fbb930295429,2026-09-30,2026-09,packaging_integration,Dockerfile,31,32,21,84,1
7c37dd81acf8972603487a8ce7d1fbb930295429,2026-09-30,2026-09,packaging_integration,JSON,272,0,0,272,2
7c37dd81acf8972603487a8ce7d1fbb930295429,2026-09-30,2026-09,packaging_integration,Markdown,0,13552,4346,17898,185
7c37dd81acf8972603487a8ce7d1fbb930295429,2026-09-30,2026-09,packaging_integration,Python,63,12,17,92,1
7c37dd81acf8972603487a8ce7d1fbb930295429,2026-09-30,2026-09,packaging_integration,Shell,1008,725,180,1913,17
7c37dd81acf8972603487a8ce7d1fbb930295429,2026-09-30,2026-09,packaging_integration,TOML,117,100,31,248,5
7c37dd81acf8972603487a8ce7d1fbb930295429,2026-09-30,2026-09,packaging_integration,YAML,205,53,7,265,4
7c37dd81acf8972603487a8ce7d1fbb930295429,2026-09-30,2026-09,server,Rust,9563,609,1241,11413,12
7c37dd81acf8972603487a8ce7d1fbb930295429,2026-09-30,2026-09,server,TOML,45,4,9,58,1
7c37dd81acf8972603487a8ce7d1fbb930295429,2026-09-30,2026-09,tests_automation,Dockerfile,14,15,4,33,1
7c37dd81acf8972603487a8ce7d1fbb930295429,2026-09-30,2026-09,tests_automation,Go,8,2,4,14,1
7c37dd81acf8972603487a8ce7d1fbb930295429,2026-09-30,2026-09,tests_automation,JSON,90,0,0,90,15
7c37dd81acf8972603487a8ce7d1fbb930295429,2026-09-30,2026-09,tests_automation,Lua,61,28,12,101,2
7c37dd81acf8972603487a8ce7d1fbb930295429,2026-09-30,2026-09,tests_automation,Makefile,452,78,96,626,1
7c37dd81acf8972603487a8ce7d1fbb930295429,2026-09-30,2026-09,tests_automation,Markdown,0,469,123,592,6
7c37dd81acf8972603487a8ce7d1fbb930295429,2026-09-30,2026-09,tests_automation,Plain Text,0,219,0,219,1
7c37dd81acf8972603487a8ce7d1fbb930295429,2026-09-30,2026-09,tests_automation,Python,4769,335,579,5683,22
7c37dd81acf8972603487a8ce7d1fbb930295429,2026-09-30,2026-09,tests_automation,Rust,89522,8016,8136,105674,331
7c37dd81acf8972603487a8ce7d1fbb930295429,2026-09-30,2026-09,tests_automation,Shell,7672,2815,1033,11520,50
7c37dd81acf8972603487a8ce7d1fbb930295429,2026-09-30,2026-09,tests_automation,TypeScript,9,2,2,13,1
7c37dd81acf8972603487a8ce7d1fbb930295429,2026-09-30,2026-09,tui,Rust,19742,2714,1857,24313,32
7c37dd81acf8972603487a8ce7d1fbb930295429,2026-09-30,2026-09,tui,TOML,30,34,9,73,1
7c37dd81acf8972603487a8ce7d1fbb930295429,2026-09-30,2026-09,web_ui,CSS,69,1,9,79,1
7c37dd81acf8972603487a8ce7d1fbb930295429,2026-09-30,2026-09,web_ui,HTML,16,0,0,16,1
7c37dd81acf8972603487a8ce7d1fbb930295429,2026-09-30,2026-09,web_ui,JSON,113,0,5,118,4
7c37dd81acf8972603487a8ce7d1fbb930295429,2026-09-30,2026-09,web_ui,JavaScript,22,0,1,23,1
7c37dd81acf8972603487a8ce7d1fbb930295429,2026-09-30,2026-09,web_ui,SVG,2,0,0,2,2
7c37dd81acf8972603487a8ce7d1fbb930295429,2026-09-30,2026-09,web_ui,TSX,12151,155,1054,13360,99
7c37dd81acf8972603487a8ce7d1fbb930295429,2026-09-30,2026-09,web_ui,TypeScript,3840,1356,579,5775,48
b46aec1e674baae5a329416d4119e67b59200a88,2026-10-08,2026-10,artifacts,CSS,2334,18,0,2352,1
b46aec1e674baae5a329416d4119e67b59200a88,2026-10-08,2026-10,artifacts,JSON,5715,0,0,5715,1
b46aec1e674baae5a329416d4119e67b59200a88,2026-10-08,2026-10,artifacts,JavaScript,2445,80,83,2608,2
b46aec1e674baae5a329416d4119e67b59200a88,2026-10-08,2026-10,artifacts,Markdown,0,12,5,17,1
b46aec1e674baae5a329416d4119e67b59200a88,2026-10-08,2026-10,artifacts,Rust,4226,2,0,4228,2
b46aec1e674baae5a329416d4119e67b59200a88,2026-10-08,2026-10,artifacts,TOML,44,2,4,50,1
b46aec1e674baae5a329416d4119e67b59200a88,2026-10-08,2026-10,artifacts,YAML,3962,0,889,4851,3
b46aec1e674baae5a329416d4119e67b59200a88,2026-10-08,2026-10,cli,Rust,258524,131918,18966,409408,273
b46aec1e674baae5a329416d4119e67b59200a88,2026-10-08,2026-10,cli,TOML,82,38,14,134,2
b46aec1e674baae5a329416d4119e67b59200a88,2026-10-08,2026-10,core,Protocol Buffers,437,69,75,581,1
b46aec1e674baae5a329416d4119e67b59200a88,2026-10-08,2026-10,core,Rust,70113,7258,7805,85176,103
b46aec1e674baae5a329416d4119e67b59200a88,2026-10-08,2026-10,core,SQL,277,92,39,408,3
b46aec1e674baae5a329416d4119e67b59200a88,2026-10-08,2026-10,core,TOML,62,18,11,91,2
b46aec1e674baae5a329416d4119e67b59200a88,2026-10-08,2026-10,developer_tooling,Rust,113,31,11,155,1
b46aec1e674baae5a329416d4119e67b59200a88,2026-10-08,2026-10,developer_tooling,Shell,321,29,30,380,1
b46aec1e674baae5a329416d4119e67b59200a88,2026-10-08,2026-10,developer_tooling,TOML,9,0,1,10,1
b46aec1e674baae5a329416d4119e67b59200a88,2026-10-08,2026-10,docs,CSS,342,20,58,420,1
b46aec1e674baae5a329416d4119e67b59200a88,2026-10-08,2026-10,docs,HTML,11996,10,789,12795,9
b46aec1e674baae5a329416d4119e67b59200a88,2026-10-08,2026-10,docs,JSON,23,0,0,23,1
b46aec1e674baae5a329416d4119e67b59200a88,2026-10-08,2026-10,docs,JavaScript,229,25,27,281,2
b46aec1e674baae5a329416d4119e67b59200a88,2026-10-08,2026-10,docs,Markdown,0,64118,20458,84576,483
b46aec1e674baae5a329416d4119e67b59200a88,2026-10-08,2026-10,docs,Plain Text,0,10,0,10,1
b46aec1e674baae5a329416d4119e67b59200a88,2026-10-08,2026-10,docs,Python,1684,122,224,2030,9
b46aec1e674baae5a329416d4119e67b59200a88,2026-10-08,2026-10,docs,SVG,258,30,34,322,5
b46aec1e674baae5a329416d4119e67b59200a88,2026-10-08,2026-10,docs,Shell,284,109,35,428,3
b46aec1e674baae5a329416d4119e67b59200a88,2026-10-08,2026-10,docs,TOML,57,39,11,107,3
b46aec1e674baae5a329416d4119e67b59200a88,2026-10-08,2026-10,packaging_integration,BASH,142,66,23,231,1
b46aec1e674baae5a329416d4119e67b59200a88,2026-10-08,2026-10,packaging_integration,Dockerfile,31,32,21,84,1
b46aec1e674baae5a329416d4119e67b59200a88,2026-10-08,2026-10,packaging_integration,JSON,272,0,0,272,2
b46aec1e674baae5a329416d4119e67b59200a88,2026-10-08,2026-10,packaging_integration,Markdown,0,13700,4382,18082,185
b46aec1e674baae5a329416d4119e67b59200a88,2026-10-08,2026-10,packaging_integration,Python,63,12,17,92,1
b46aec1e674baae5a329416d4119e67b59200a88,2026-10-08,2026-10,packaging_integration,Shell,1109,737,191,2037,18
b46aec1e674baae5a329416d4119e67b59200a88,2026-10-08,2026-10,packaging_integration,TOML,121,100,32,253,5
b46aec1e674baae5a329416d4119e67b59200a88,2026-10-08,2026-10,packaging_integration,YAML,214,60,7,281,4
b46aec1e674baae5a329416d4119e67b59200a88,2026-10-08,2026-10,server,Rust,9535,604,1237,11376,12
b46aec1e674baae5a329416d4119e67b59200a88,2026-10-08,2026-10,server,TOML,45,4,9,58,1
b46aec1e674baae5a329416d4119e67b59200a88,2026-10-08,2026-10,tests_automation,C,27,3,0,30,1
b46aec1e674baae5a329416d4119e67b59200a88,2026-10-08,2026-10,tests_automation,Dockerfile,14,15,4,33,1
b46aec1e674baae5a329416d4119e67b59200a88,2026-10-08,2026-10,tests_automation,Go,8,2,4,14,1
b46aec1e674baae5a329416d4119e67b59200a88,2026-10-08,2026-10,tests_automation,JSON,91,0,0,91,15
b46aec1e674baae5a329416d4119e67b59200a88,2026-10-08,2026-10,tests_automation,Lua,61,28,12,101,2
b46aec1e674baae5a329416d4119e67b59200a88,2026-10-08,2026-10,tests_automation,Makefile,492,101,102,695,1
b46aec1e674baae5a329416d4119e67b59200a88,2026-10-08,2026-10,tests_automation,Markdown,0,469,123,592,6
b46aec1e674baae5a329416d4119e67b59200a88,2026-10-08,2026-10,tests_automation,Plain Text,0,225,0,225,1
b46aec1e674baae5a329416d4119e67b59200a88,2026-10-08,2026-10,tests_automation,Python,6602,428,754,7784,34
b46aec1e674baae5a329416d4119e67b59200a88,2026-10-08,2026-10,tests_automation,Rust,98609,8838,8861,116308,361
b46aec1e674baae5a329416d4119e67b59200a88,2026-10-08,2026-10,tests_automation,Shell,8878,3084,1217,13179,70
b46aec1e674baae5a329416d4119e67b59200a88,2026-10-08,2026-10,tests_automation,TOML,491,121,129,741,3
b46aec1e674baae5a329416d4119e67b59200a88,2026-10-08,2026-10,tests_automation,TypeScript,9,2,2,13,1
b46aec1e674baae5a329416d4119e67b59200a88,2026-10-08,2026-10,tui,Rust,19743,2714,1857,24314,32
b46aec1e674baae5a329416d4119e67b59200a88,2026-10-08,2026-10,tui,TOML,30,34,9,73,1
b46aec1e674baae5a329416d4119e67b59200a88,2026-10-08,2026-10,web_ui,CSS,69,1,9,79,1
b46aec1e674baae5a329416d4119e67b59200a88,2026-10-08,2026-10,web_ui,HTML,16,0,0,16,1
b46aec1e674baae5a329416d4119e67b59200a88,2026-10-08,2026-10,web_ui,JSON,113,0,5,118,4
b46aec1e674baae5a329416d4119e67b59200a88,2026-10-08,2026-10,web_ui,JavaScript,22,0,1,23,1
b46aec1e674baae5a329416d4119e67b59200a88,2026-10-08,2026-10,web_ui,SVG,2,0,0,2,2
b46aec1e674baae5a329416d4119e67b59200a88,2026-10-08,2026-10,web_ui,TSX,12151,155,1054,13360,99
b46aec1e674baae5a329416d4119e67b59200a88,2026-10-08,2026-10,web_ui,TypeScript,3840,1356,579,5775,48
