revision,date,period,bucket,container,language,code,comments,blanks,lines
aaf4e622181034423e7df51956f79fe5512e2695,2025-11-30,2025-11,cli,Rust,Markdown,0,137,0,137
aaf4e622181034423e7df51956f79fe5512e2695,2025-11-30,2025-11,core,Rust,Markdown,0,661,25,686
aaf4e622181034423e7df51956f79fe5512e2695,2025-11-30,2025-11,desktop_gui,Rust,Markdown,0,311,10,321
aaf4e622181034423e7df51956f79fe5512e2695,2025-11-30,2025-11,docs,HTML,Css,145,0,0,145
aaf4e622181034423e7df51956f79fe5512e2695,2025-11-30,2025-11,docs,Markdown,Bash,394,273,148,815
aaf4e622181034423e7df51956f79fe5512e2695,2025-11-30,2025-11,docs,Markdown,Json,55,0,0,55
aaf4e622181034423e7df51956f79fe5512e2695,2025-11-30,2025-11,docs,Markdown,Python,285,44,92,421
aaf4e622181034423e7df51956f79fe5512e2695,2025-11-30,2025-11,docs,Markdown,Rust,1155,195,175,1525
aaf4e622181034423e7df51956f79fe5512e2695,2025-11-30,2025-11,docs,Markdown,Sql,58,1,2,61
aaf4e622181034423e7df51956f79fe5512e2695,2025-11-30,2025-11,docs,Markdown,Yaml,223,13,12,248
432a0f775519c02bdb21343e0773ce6c4a96099e,2025-12-28,2025-12,artifacts,Rust,Markdown,0,567,34,601
432a0f775519c02bdb21343e0773ce6c4a96099e,2025-12-28,2025-12,cli,Rust,Markdown,0,287,1,288
432a0f775519c02bdb21343e0773ce6c4a96099e,2025-12-28,2025-12,core,Rust,Markdown,0,1631,69,1700
432a0f775519c02bdb21343e0773ce6c4a96099e,2025-12-28,2025-12,desktop_gui,HTML,Css,36,2,0,38
432a0f775519c02bdb21343e0773ce6c4a96099e,2025-12-28,2025-12,desktop_gui,HTML,JavaScript,8,3,0,11
432a0f775519c02bdb21343e0773ce6c4a96099e,2025-12-28,2025-12,desktop_gui,Rust,Markdown,0,922,68,990
432a0f775519c02bdb21343e0773ce6c4a96099e,2025-12-28,2025-12,docs,HTML,Css,928,21,57,1006
432a0f775519c02bdb21343e0773ce6c4a96099e,2025-12-28,2025-12,docs,HTML,JavaScript,28,1,2,31
432a0f775519c02bdb21343e0773ce6c4a96099e,2025-12-28,2025-12,docs,Markdown,Bash,548,338,184,1070
432a0f775519c02bdb21343e0773ce6c4a96099e,2025-12-28,2025-12,docs,Markdown,Json,55,0,0,55
432a0f775519c02bdb21343e0773ce6c4a96099e,2025-12-28,2025-12,docs,Markdown,Python,285,44,92,421
432a0f775519c02bdb21343e0773ce6c4a96099e,2025-12-28,2025-12,docs,Markdown,Rust,1430,215,227,1872
432a0f775519c02bdb21343e0773ce6c4a96099e,2025-12-28,2025-12,docs,Markdown,Sql,58,1,2,61
432a0f775519c02bdb21343e0773ce6c4a96099e,2025-12-28,2025-12,docs,Markdown,Toml,38,4,6,48
432a0f775519c02bdb21343e0773ce6c4a96099e,2025-12-28,2025-12,docs,Markdown,Yaml,274,14,15,303
432a0f775519c02bdb21343e0773ce6c4a96099e,2025-12-28,2025-12,packaging_integration,Markdown,Bash,208,87,56,351
432a0f775519c02bdb21343e0773ce6c4a96099e,2025-12-28,2025-12,packaging_integration,Markdown,Json,16,0,0,16
432a0f775519c02bdb21343e0773ce6c4a96099e,2025-12-28,2025-12,packaging_integration,Markdown,Markdown,0,24,9,33
432a0f775519c02bdb21343e0773ce6c4a96099e,2025-12-28,2025-12,server,Rust,Markdown,0,25,2,27
432a0f775519c02bdb21343e0773ce6c4a96099e,2025-12-28,2025-12,web_ui,HTML,Css,36,1,0,37
432a0f775519c02bdb21343e0773ce6c4a96099e,2025-12-28,2025-12,web_ui,HTML,JavaScript,5,3,1,9
432a0f775519c02bdb21343e0773ce6c4a96099e,2025-12-28,2025-12,web_ui,Rust,Markdown,0,73,3,76
65476cff75eb1c32ba0e8d23dfa92baf1ff42355,2026-01-03,2026-01,artifacts,Rust,Markdown,0,567,34,601
65476cff75eb1c32ba0e8d23dfa92baf1ff42355,2026-01-03,2026-01,cli,Rust,Markdown,0,287,1,288
65476cff75eb1c32ba0e8d23dfa92baf1ff42355,2026-01-03,2026-01,core,Rust,Markdown,0,1646,69,1715
65476cff75eb1c32ba0e8d23dfa92baf1ff42355,2026-01-03,2026-01,desktop_gui,HTML,Css,36,2,0,38
65476cff75eb1c32ba0e8d23dfa92baf1ff42355,2026-01-03,2026-01,desktop_gui,HTML,JavaScript,8,3,0,11
65476cff75eb1c32ba0e8d23dfa92baf1ff42355,2026-01-03,2026-01,desktop_gui,Rust,Markdown,0,942,69,1011
65476cff75eb1c32ba0e8d23dfa92baf1ff42355,2026-01-03,2026-01,docs,HTML,Css,928,21,57,1006
65476cff75eb1c32ba0e8d23dfa92baf1ff42355,2026-01-03,2026-01,docs,HTML,JavaScript,28,1,2,31
65476cff75eb1c32ba0e8d23dfa92baf1ff42355,2026-01-03,2026-01,docs,Markdown,Bash,548,338,184,1070
65476cff75eb1c32ba0e8d23dfa92baf1ff42355,2026-01-03,2026-01,docs,Markdown,Json,55,0,0,55
65476cff75eb1c32ba0e8d23dfa92baf1ff42355,2026-01-03,2026-01,docs,Markdown,Python,285,44,92,421
65476cff75eb1c32ba0e8d23dfa92baf1ff42355,2026-01-03,2026-01,docs,Markdown,Rust,1442,215,228,1885
65476cff75eb1c32ba0e8d23dfa92baf1ff42355,2026-01-03,2026-01,docs,Markdown,Sql,58,1,2,61
65476cff75eb1c32ba0e8d23dfa92baf1ff42355,2026-01-03,2026-01,docs,Markdown,Toml,38,4,6,48
65476cff75eb1c32ba0e8d23dfa92baf1ff42355,2026-01-03,2026-01,docs,Markdown,Yaml,277,14,15,306
65476cff75eb1c32ba0e8d23dfa92baf1ff42355,2026-01-03,2026-01,packaging_integration,Markdown,Bash,208,87,56,351
65476cff75eb1c32ba0e8d23dfa92baf1ff42355,2026-01-03,2026-01,packaging_integration,Markdown,Json,16,0,0,16
65476cff75eb1c32ba0e8d23dfa92baf1ff42355,2026-01-03,2026-01,packaging_integration,Markdown,Markdown,0,24,9,33
65476cff75eb1c32ba0e8d23dfa92baf1ff42355,2026-01-03,2026-01,server,Rust,Markdown,0,53,4,57
65476cff75eb1c32ba0e8d23dfa92baf1ff42355,2026-01-03,2026-01,web_ui,HTML,Css,36,1,0,37
65476cff75eb1c32ba0e8d23dfa92baf1ff42355,2026-01-03,2026-01,web_ui,HTML,JavaScript,10,6,2,18
65476cff75eb1c32ba0e8d23dfa92baf1ff42355,2026-01-03,2026-01,web_ui,Rust,Markdown,0,73,3,76
7a41a7dd0308fc1b0a860cb6d481392d70992d7d,2026-02-23,2026-02,artifacts,Rust,Markdown,0,570,34,604
7a41a7dd0308fc1b0a860cb6d481392d70992d7d,2026-02-23,2026-02,cli,Rust,Markdown,0,321,3,324
7a41a7dd0308fc1b0a860cb6d481392d70992d7d,2026-02-23,2026-02,core,Rust,Markdown,0,1691,70,1761
7a41a7dd0308fc1b0a860cb6d481392d70992d7d,2026-02-23,2026-02,desktop_gui,HTML,Css,36,2,0,38
7a41a7dd0308fc1b0a860cb6d481392d70992d7d,2026-02-23,2026-02,desktop_gui,HTML,JavaScript,8,3,0,11
7a41a7dd0308fc1b0a860cb6d481392d70992d7d,2026-02-23,2026-02,desktop_gui,Rust,Markdown,0,942,69,1011
7a41a7dd0308fc1b0a860cb6d481392d70992d7d,2026-02-23,2026-02,docs,HTML,Css,856,18,57,931
7a41a7dd0308fc1b0a860cb6d481392d70992d7d,2026-02-23,2026-02,docs,HTML,JavaScript,26,1,2,29
7a41a7dd0308fc1b0a860cb6d481392d70992d7d,2026-02-23,2026-02,docs,Markdown,Bash,604,350,189,1143
7a41a7dd0308fc1b0a860cb6d481392d70992d7d,2026-02-23,2026-02,docs,Markdown,Json,71,0,0,71
7a41a7dd0308fc1b0a860cb6d481392d70992d7d,2026-02-23,2026-02,docs,Markdown,Markdown,0,25,6,31
7a41a7dd0308fc1b0a860cb6d481392d70992d7d,2026-02-23,2026-02,docs,Markdown,Python,285,44,92,421
7a41a7dd0308fc1b0a860cb6d481392d70992d7d,2026-02-23,2026-02,docs,Markdown,Rust,1453,216,228,1897
7a41a7dd0308fc1b0a860cb6d481392d70992d7d,2026-02-23,2026-02,docs,Markdown,Sql,69,1,2,72
7a41a7dd0308fc1b0a860cb6d481392d70992d7d,2026-02-23,2026-02,docs,Markdown,Toml,58,8,8,74
7a41a7dd0308fc1b0a860cb6d481392d70992d7d,2026-02-23,2026-02,docs,Markdown,Yaml,316,14,18,348
7a41a7dd0308fc1b0a860cb6d481392d70992d7d,2026-02-23,2026-02,packaging_integration,Markdown,Bash,242,79,44,365
7a41a7dd0308fc1b0a860cb6d481392d70992d7d,2026-02-23,2026-02,packaging_integration,Markdown,Json,16,0,0,16
7a41a7dd0308fc1b0a860cb6d481392d70992d7d,2026-02-23,2026-02,packaging_integration,Markdown,Markdown,0,17,8,25
7a41a7dd0308fc1b0a860cb6d481392d70992d7d,2026-02-23,2026-02,packaging_integration,Markdown,Rust,3,2,0,5
7a41a7dd0308fc1b0a860cb6d481392d70992d7d,2026-02-23,2026-02,server,Rust,Markdown,0,90,6,96
7a41a7dd0308fc1b0a860cb6d481392d70992d7d,2026-02-23,2026-02,web_ui,HTML,Css,36,1,0,37
7a41a7dd0308fc1b0a860cb6d481392d70992d7d,2026-02-23,2026-02,web_ui,HTML,JavaScript,10,6,2,18
7a41a7dd0308fc1b0a860cb6d481392d70992d7d,2026-02-23,2026-02,web_ui,Rust,Markdown,0,73,3,76
b8355a0233864bb9a9652b4b5d29e94d92dd4a9f,2026-03-19,2026-03,artifacts,Rust,Markdown,0,571,34,605
b8355a0233864bb9a9652b4b5d29e94d92dd4a9f,2026-03-19,2026-03,cli,Rust,Markdown,0,388,3,391
b8355a0233864bb9a9652b4b5d29e94d92dd4a9f,2026-03-19,2026-03,core,Rust,Markdown,0,2358,137,2495
b8355a0233864bb9a9652b4b5d29e94d92dd4a9f,2026-03-19,2026-03,desktop_gui,HTML,Css,36,2,0,38
b8355a0233864bb9a9652b4b5d29e94d92dd4a9f,2026-03-19,2026-03,desktop_gui,HTML,JavaScript,8,3,0,11
b8355a0233864bb9a9652b4b5d29e94d92dd4a9f,2026-03-19,2026-03,desktop_gui,Rust,Markdown,0,942,69,1011
b8355a0233864bb9a9652b4b5d29e94d92dd4a9f,2026-03-19,2026-03,docs,HTML,Css,856,18,57,931
b8355a0233864bb9a9652b4b5d29e94d92dd4a9f,2026-03-19,2026-03,docs,HTML,JavaScript,26,1,2,29
b8355a0233864bb9a9652b4b5d29e94d92dd4a9f,2026-03-19,2026-03,docs,Markdown,Bash,753,430,222,1405
b8355a0233864bb9a9652b4b5d29e94d92dd4a9f,2026-03-19,2026-03,docs,Markdown,Json,122,0,0,122
b8355a0233864bb9a9652b4b5d29e94d92dd4a9f,2026-03-19,2026-03,docs,Markdown,Makefile,5,1,0,6
b8355a0233864bb9a9652b4b5d29e94d92dd4a9f,2026-03-19,2026-03,docs,Markdown,Markdown,0,69,19,88
b8355a0233864bb9a9652b4b5d29e94d92dd4a9f,2026-03-19,2026-03,docs,Markdown,Python,285,44,92,421
b8355a0233864bb9a9652b4b5d29e94d92dd4a9f,2026-03-19,2026-03,docs,Markdown,Rust,1483,222,230,1935
b8355a0233864bb9a9652b4b5d29e94d92dd4a9f,2026-03-19,2026-03,docs,Markdown,Sql,72,1,2,75
b8355a0233864bb9a9652b4b5d29e94d92dd4a9f,2026-03-19,2026-03,docs,Markdown,Toml,138,18,16,172
b8355a0233864bb9a9652b4b5d29e94d92dd4a9f,2026-03-19,2026-03,docs,Markdown,Yaml,380,21,23,424
b8355a0233864bb9a9652b4b5d29e94d92dd4a9f,2026-03-19,2026-03,packaging_integration,Markdown,Bash,484,161,82,727
b8355a0233864bb9a9652b4b5d29e94d92dd4a9f,2026-03-19,2026-03,packaging_integration,Markdown,Ini,5,1,2,8
b8355a0233864bb9a9652b4b5d29e94d92dd4a9f,2026-03-19,2026-03,packaging_integration,Markdown,Json,24,0,0,24
b8355a0233864bb9a9652b4b5d29e94d92dd4a9f,2026-03-19,2026-03,packaging_integration,Markdown,Markdown,0,54,20,74
b8355a0233864bb9a9652b4b5d29e94d92dd4a9f,2026-03-19,2026-03,packaging_integration,Markdown,Rust,3,2,0,5
b8355a0233864bb9a9652b4b5d29e94d92dd4a9f,2026-03-19,2026-03,server,Rust,Markdown,0,92,6,98
b8355a0233864bb9a9652b4b5d29e94d92dd4a9f,2026-03-19,2026-03,web_ui,HTML,Css,36,1,0,37
b8355a0233864bb9a9652b4b5d29e94d92dd4a9f,2026-03-19,2026-03,web_ui,HTML,JavaScript,10,6,2,18
b8355a0233864bb9a9652b4b5d29e94d92dd4a9f,2026-03-19,2026-03,web_ui,Rust,Markdown,0,73,3,76
c195150573beaddaddf2b147eac293973492c389,2026-05-31,2026-05,artifacts,Rust,Markdown,0,305,18,323
c195150573beaddaddf2b147eac293973492c389,2026-05-31,2026-05,cli,Rust,Markdown,0,11462,403,11865
c195150573beaddaddf2b147eac293973492c389,2026-05-31,2026-05,core,Rust,Markdown,0,3723,230,3953
c195150573beaddaddf2b147eac293973492c389,2026-05-31,2026-05,docs,HTML,Css,856,18,57,931
c195150573beaddaddf2b147eac293973492c389,2026-05-31,2026-05,docs,HTML,JavaScript,26,1,2,29
c195150573beaddaddf2b147eac293973492c389,2026-05-31,2026-05,docs,Markdown,Bash,1484,570,316,2370
c195150573beaddaddf2b147eac293973492c389,2026-05-31,2026-05,docs,Markdown,Json,207,0,0,207
c195150573beaddaddf2b147eac293973492c389,2026-05-31,2026-05,docs,Markdown,Makefile,5,1,0,6
c195150573beaddaddf2b147eac293973492c389,2026-05-31,2026-05,docs,Markdown,Markdown,0,83,21,104
c195150573beaddaddf2b147eac293973492c389,2026-05-31,2026-05,docs,Markdown,Python,285,44,92,421
c195150573beaddaddf2b147eac293973492c389,2026-05-31,2026-05,docs,Markdown,Rust,1545,237,235,2017
c195150573beaddaddf2b147eac293973492c389,2026-05-31,2026-05,docs,Markdown,Sql,97,2,3,102
c195150573beaddaddf2b147eac293973492c389,2026-05-31,2026-05,docs,Markdown,Toml,199,21,25,245
c195150573beaddaddf2b147eac293973492c389,2026-05-31,2026-05,docs,Markdown,Yaml,370,19,23,412
c195150573beaddaddf2b147eac293973492c389,2026-05-31,2026-05,packaging_integration,Markdown,Bash,845,205,105,1155
c195150573beaddaddf2b147eac293973492c389,2026-05-31,2026-05,packaging_integration,Markdown,Ini,5,1,2,8
c195150573beaddaddf2b147eac293973492c389,2026-05-31,2026-05,packaging_integration,Markdown,Json,100,0,0,100
c195150573beaddaddf2b147eac293973492c389,2026-05-31,2026-05,packaging_integration,Markdown,Markdown,0,99,34,133
c195150573beaddaddf2b147eac293973492c389,2026-05-31,2026-05,packaging_integration,Markdown,Rust,4,3,0,7
c195150573beaddaddf2b147eac293973492c389,2026-05-31,2026-05,packaging_integration,Markdown,Toml,9,0,2,11
c195150573beaddaddf2b147eac293973492c389,2026-05-31,2026-05,packaging_integration,Markdown,Yaml,7,0,0,7
c195150573beaddaddf2b147eac293973492c389,2026-05-31,2026-05,server,Rust,Markdown,0,93,6,99
c195150573beaddaddf2b147eac293973492c389,2026-05-31,2026-05,tests_automation,Rust,Markdown,0,54,4,58
c195150573beaddaddf2b147eac293973492c389,2026-05-31,2026-05,tui,Rust,Markdown,0,873,64,937
c72827539e1ffb5e4a76194d38f3636011f47396,2026-06-30,2026-06,artifacts,Markdown,Bash,4,0,0,4
c72827539e1ffb5e4a76194d38f3636011f47396,2026-06-30,2026-06,artifacts,Rust,Markdown,0,305,18,323
c72827539e1ffb5e4a76194d38f3636011f47396,2026-06-30,2026-06,cli,Rust,Markdown,0,26278,1067,27345
c72827539e1ffb5e4a76194d38f3636011f47396,2026-06-30,2026-06,core,Rust,Markdown,0,6029,367,6396
c72827539e1ffb5e4a76194d38f3636011f47396,2026-06-30,2026-06,docs,HTML,Css,430,12,0,442
c72827539e1ffb5e4a76194d38f3636011f47396,2026-06-30,2026-06,docs,HTML,JavaScript,27,1,2,30
c72827539e1ffb5e4a76194d38f3636011f47396,2026-06-30,2026-06,docs,Markdown,Bash,1769,651,348,2768
c72827539e1ffb5e4a76194d38f3636011f47396,2026-06-30,2026-06,docs,Markdown,JavaScript,21,4,3,28
c72827539e1ffb5e4a76194d38f3636011f47396,2026-06-30,2026-06,docs,Markdown,Json,260,0,0,260
c72827539e1ffb5e4a76194d38f3636011f47396,2026-06-30,2026-06,docs,Markdown,Makefile,5,1,0,6
c72827539e1ffb5e4a76194d38f3636011f47396,2026-06-30,2026-06,docs,Markdown,Markdown,0,123,27,150
c72827539e1ffb5e4a76194d38f3636011f47396,2026-06-30,2026-06,docs,Markdown,Python,285,44,92,421
c72827539e1ffb5e4a76194d38f3636011f47396,2026-06-30,2026-06,docs,Markdown,Rust,1597,253,250,2100
c72827539e1ffb5e4a76194d38f3636011f47396,2026-06-30,2026-06,docs,Markdown,Sql,97,2,3,102
c72827539e1ffb5e4a76194d38f3636011f47396,2026-06-30,2026-06,docs,Markdown,Toml,252,37,24,313
c72827539e1ffb5e4a76194d38f3636011f47396,2026-06-30,2026-06,docs,Markdown,Yaml,384,19,23,426
c72827539e1ffb5e4a76194d38f3636011f47396,2026-06-30,2026-06,packaging_integration,Markdown,Bash,994,218,109,1321
c72827539e1ffb5e4a76194d38f3636011f47396,2026-06-30,2026-06,packaging_integration,Markdown,Ini,5,1,2,8
c72827539e1ffb5e4a76194d38f3636011f47396,2026-06-30,2026-06,packaging_integration,Markdown,Json,106,0,0,106
c72827539e1ffb5e4a76194d38f3636011f47396,2026-06-30,2026-06,packaging_integration,Markdown,Markdown,0,99,34,133
c72827539e1ffb5e4a76194d38f3636011f47396,2026-06-30,2026-06,packaging_integration,Markdown,Rust,4,4,0,8
c72827539e1ffb5e4a76194d38f3636011f47396,2026-06-30,2026-06,packaging_integration,Markdown,Toml,17,0,3,20
c72827539e1ffb5e4a76194d38f3636011f47396,2026-06-30,2026-06,packaging_integration,Markdown,Yaml,7,0,0,7
c72827539e1ffb5e4a76194d38f3636011f47396,2026-06-30,2026-06,server,Rust,Markdown,0,128,6,134
c72827539e1ffb5e4a76194d38f3636011f47396,2026-06-30,2026-06,tests_automation,Markdown,Bash,5,4,4,13
c72827539e1ffb5e4a76194d38f3636011f47396,2026-06-30,2026-06,tests_automation,Rust,Markdown,0,106,11,117
c72827539e1ffb5e4a76194d38f3636011f47396,2026-06-30,2026-06,tui,Rust,Markdown,0,3525,195,3720
95276899d600d14a0227897967ad0d2faf1fb1cc,2026-07-23,2026-07,artifacts,Markdown,Bash,4,0,0,4
95276899d600d14a0227897967ad0d2faf1fb1cc,2026-07-23,2026-07,artifacts,Rust,Markdown,0,308,18,326
95276899d600d14a0227897967ad0d2faf1fb1cc,2026-07-23,2026-07,cli,Rust,Markdown,0,29523,1400,30923
95276899d600d14a0227897967ad0d2faf1fb1cc,2026-07-23,2026-07,core,Rust,Markdown,0,7571,472,8043
95276899d600d14a0227897967ad0d2faf1fb1cc,2026-07-23,2026-07,docs,HTML,Css,430,12,0,442
95276899d600d14a0227897967ad0d2faf1fb1cc,2026-07-23,2026-07,docs,HTML,JavaScript,27,1,2,30
95276899d600d14a0227897967ad0d2faf1fb1cc,2026-07-23,2026-07,docs,Markdown,Bash,1843,674,359,2876
95276899d600d14a0227897967ad0d2faf1fb1cc,2026-07-23,2026-07,docs,Markdown,JavaScript,21,4,3,28
95276899d600d14a0227897967ad0d2faf1fb1cc,2026-07-23,2026-07,docs,Markdown,Json,260,0,0,260
95276899d600d14a0227897967ad0d2faf1fb1cc,2026-07-23,2026-07,docs,Markdown,Makefile,5,1,0,6
95276899d600d14a0227897967ad0d2faf1fb1cc,2026-07-23,2026-07,docs,Markdown,Markdown,0,123,27,150
95276899d600d14a0227897967ad0d2faf1fb1cc,2026-07-23,2026-07,docs,Markdown,Python,285,44,92,421
95276899d600d14a0227897967ad0d2faf1fb1cc,2026-07-23,2026-07,docs,Markdown,Rust,1597,253,250,2100
95276899d600d14a0227897967ad0d2faf1fb1cc,2026-07-23,2026-07,docs,Markdown,Sql,97,2,3,102
95276899d600d14a0227897967ad0d2faf1fb1cc,2026-07-23,2026-07,docs,Markdown,Toml,278,39,24,341
95276899d600d14a0227897967ad0d2faf1fb1cc,2026-07-23,2026-07,docs,Markdown,Yaml,401,20,23,444
95276899d600d14a0227897967ad0d2faf1fb1cc,2026-07-23,2026-07,packaging_integration,Markdown,Bash,998,219,109,1326
95276899d600d14a0227897967ad0d2faf1fb1cc,2026-07-23,2026-07,packaging_integration,Markdown,Ini,5,1,2,8
95276899d600d14a0227897967ad0d2faf1fb1cc,2026-07-23,2026-07,packaging_integration,Markdown,Json,106,0,0,106
95276899d600d14a0227897967ad0d2faf1fb1cc,2026-07-23,2026-07,packaging_integration,Markdown,Markdown,0,99,34,133
95276899d600d14a0227897967ad0d2faf1fb1cc,2026-07-23,2026-07,packaging_integration,Markdown,Rust,4,4,0,8
95276899d600d14a0227897967ad0d2faf1fb1cc,2026-07-23,2026-07,packaging_integration,Markdown,Toml,17,0,3,20
95276899d600d14a0227897967ad0d2faf1fb1cc,2026-07-23,2026-07,packaging_integration,Markdown,Yaml,7,0,0,7
95276899d600d14a0227897967ad0d2faf1fb1cc,2026-07-23,2026-07,server,Rust,Markdown,0,128,6,134
95276899d600d14a0227897967ad0d2faf1fb1cc,2026-07-23,2026-07,tests_automation,Markdown,Bash,5,4,4,13
95276899d600d14a0227897967ad0d2faf1fb1cc,2026-07-23,2026-07,tests_automation,Rust,Markdown,0,2800,66,2866
95276899d600d14a0227897967ad0d2faf1fb1cc,2026-07-23,2026-07,tui,Rust,Markdown,0,3795,203,3998
8fd3b274169c85d63f9197fb4bcc87d5aff2eeaa,2026-08-30,2026-08,artifacts,Markdown,Bash,4,0,0,4
8fd3b274169c85d63f9197fb4bcc87d5aff2eeaa,2026-08-30,2026-08,artifacts,Rust,Markdown,0,308,18,326
8fd3b274169c85d63f9197fb4bcc87d5aff2eeaa,2026-08-30,2026-08,cli,Rust,Markdown,0,29684,1418,31102
8fd3b274169c85d63f9197fb4bcc87d5aff2eeaa,2026-08-30,2026-08,core,Rust,Markdown,0,7728,497,8225
8fd3b274169c85d63f9197fb4bcc87d5aff2eeaa,2026-08-30,2026-08,docs,HTML,Css,430,12,0,442
8fd3b274169c85d63f9197fb4bcc87d5aff2eeaa,2026-08-30,2026-08,docs,HTML,JavaScript,27,1,2,30
8fd3b274169c85d63f9197fb4bcc87d5aff2eeaa,2026-08-30,2026-08,docs,Markdown,Bash,1844,674,359,2877
8fd3b274169c85d63f9197fb4bcc87d5aff2eeaa,2026-08-30,2026-08,docs,Markdown,JavaScript,21,4,3,28
8fd3b274169c85d63f9197fb4bcc87d5aff2eeaa,2026-08-30,2026-08,docs,Markdown,Json,260,0,0,260
8fd3b274169c85d63f9197fb4bcc87d5aff2eeaa,2026-08-30,2026-08,docs,Markdown,Makefile,5,1,0,6
8fd3b274169c85d63f9197fb4bcc87d5aff2eeaa,2026-08-30,2026-08,docs,Markdown,Markdown,0,123,27,150
8fd3b274169c85d63f9197fb4bcc87d5aff2eeaa,2026-08-30,2026-08,docs,Markdown,Python,285,44,92,421
8fd3b274169c85d63f9197fb4bcc87d5aff2eeaa,2026-08-30,2026-08,docs,Markdown,Rust,1597,253,250,2100
8fd3b274169c85d63f9197fb4bcc87d5aff2eeaa,2026-08-30,2026-08,docs,Markdown,Sql,97,2,3,102
8fd3b274169c85d63f9197fb4bcc87d5aff2eeaa,2026-08-30,2026-08,docs,Markdown,Toml,290,39,25,354
8fd3b274169c85d63f9197fb4bcc87d5aff2eeaa,2026-08-30,2026-08,docs,Markdown,Yaml,401,20,23,444
8fd3b274169c85d63f9197fb4bcc87d5aff2eeaa,2026-08-30,2026-08,packaging_integration,Markdown,Bash,998,219,109,1326
8fd3b274169c85d63f9197fb4bcc87d5aff2eeaa,2026-08-30,2026-08,packaging_integration,Markdown,Ini,5,1,2,8
8fd3b274169c85d63f9197fb4bcc87d5aff2eeaa,2026-08-30,2026-08,packaging_integration,Markdown,Json,106,0,0,106
8fd3b274169c85d63f9197fb4bcc87d5aff2eeaa,2026-08-30,2026-08,packaging_integration,Markdown,Markdown,0,99,34,133
8fd3b274169c85d63f9197fb4bcc87d5aff2eeaa,2026-08-30,2026-08,packaging_integration,Markdown,Rust,4,4,0,8
8fd3b274169c85d63f9197fb4bcc87d5aff2eeaa,2026-08-30,2026-08,packaging_integration,Markdown,Toml,17,0,3,20
8fd3b274169c85d63f9197fb4bcc87d5aff2eeaa,2026-08-30,2026-08,packaging_integration,Markdown,Yaml,7,0,0,7
8fd3b274169c85d63f9197fb4bcc87d5aff2eeaa,2026-08-30,2026-08,server,Rust,Markdown,0,128,6,134
8fd3b274169c85d63f9197fb4bcc87d5aff2eeaa,2026-08-30,2026-08,tests_automation,Markdown,Bash,5,4,4,13
8fd3b274169c85d63f9197fb4bcc87d5aff2eeaa,2026-08-30,2026-08,tests_automation,Rust,Markdown,0,2835,68,2903
8fd3b274169c85d63f9197fb4bcc87d5aff2eeaa,2026-08-30,2026-08,tui,Rust,Markdown,0,3795,203,3998
7c37dd81acf8972603487a8ce7d1fbb930295429,2026-09-30,2026-09,artifacts,Markdown,Bash,4,0,0,4
7c37dd81acf8972603487a8ce7d1fbb930295429,2026-09-30,2026-09,artifacts,Rust,Markdown,0,308,18,326
7c37dd81acf8972603487a8ce7d1fbb930295429,2026-09-30,2026-09,cli,Rust,Markdown,0,33479,1616,35095
7c37dd81acf8972603487a8ce7d1fbb930295429,2026-09-30,2026-09,core,Rust,Markdown,0,10239,638,10877
7c37dd81acf8972603487a8ce7d1fbb930295429,2026-09-30,2026-09,docs,HTML,Css,430,12,0,442
7c37dd81acf8972603487a8ce7d1fbb930295429,2026-09-30,2026-09,docs,HTML,JavaScript,27,1,2,30
7c37dd81acf8972603487a8ce7d1fbb930295429,2026-09-30,2026-09,docs,Markdown,Bash,1949,690,360,2999
7c37dd81acf8972603487a8ce7d1fbb930295429,2026-09-30,2026-09,docs,Markdown,JavaScript,21,4,3,28
7c37dd81acf8972603487a8ce7d1fbb930295429,2026-09-30,2026-09,docs,Markdown,Json,267,0,0,267
7c37dd81acf8972603487a8ce7d1fbb930295429,2026-09-30,2026-09,docs,Markdown,Makefile,5,1,0,6
7c37dd81acf8972603487a8ce7d1fbb930295429,2026-09-30,2026-09,docs,Markdown,Markdown,0,126,27,153
7c37dd81acf8972603487a8ce7d1fbb930295429,2026-09-30,2026-09,docs,Markdown,PowerShell,1,0,0,1
7c37dd81acf8972603487a8ce7d1fbb930295429,2026-09-30,2026-09,docs,Markdown,Python,285,44,92,421
7c37dd81acf8972603487a8ce7d1fbb930295429,2026-09-30,2026-09,docs,Markdown,Rust,1648,249,249,2146
7c37dd81acf8972603487a8ce7d1fbb930295429,2026-09-30,2026-09,docs,Markdown,Sql,97,2,3,102
7c37dd81acf8972603487a8ce7d1fbb930295429,2026-09-30,2026-09,docs,Markdown,Toml,361,44,32,437
7c37dd81acf8972603487a8ce7d1fbb930295429,2026-09-30,2026-09,docs,Markdown,Yaml,403,20,23,446
7c37dd81acf8972603487a8ce7d1fbb930295429,2026-09-30,2026-09,packaging_integration,Markdown,Bash,1016,207,100,1323
7c37dd81acf8972603487a8ce7d1fbb930295429,2026-09-30,2026-09,packaging_integration,Markdown,Ini,5,1,2,8
7c37dd81acf8972603487a8ce7d1fbb930295429,2026-09-30,2026-09,packaging_integration,Markdown,Json,106,0,0,106
7c37dd81acf8972603487a8ce7d1fbb930295429,2026-09-30,2026-09,packaging_integration,Markdown,Markdown,0,89,30,119
7c37dd81acf8972603487a8ce7d1fbb930295429,2026-09-30,2026-09,packaging_integration,Markdown,Rust,4,5,0,9
7c37dd81acf8972603487a8ce7d1fbb930295429,2026-09-30,2026-09,packaging_integration,Markdown,Toml,15,0,3,18
7c37dd81acf8972603487a8ce7d1fbb930295429,2026-09-30,2026-09,server,Rust,Markdown,0,153,7,160
7c37dd81acf8972603487a8ce7d1fbb930295429,2026-09-30,2026-09,tests_automation,Markdown,Bash,5,4,4,13
7c37dd81acf8972603487a8ce7d1fbb930295429,2026-09-30,2026-09,tests_automation,Rust,Markdown,0,5887,183,6070
7c37dd81acf8972603487a8ce7d1fbb930295429,2026-09-30,2026-09,tui,Rust,Markdown,0,3927,205,4132
b46aec1e674baae5a329416d4119e67b59200a88,2026-10-08,2026-10,artifacts,Markdown,Bash,4,0,0,4
b46aec1e674baae5a329416d4119e67b59200a88,2026-10-08,2026-10,artifacts,Rust,Markdown,0,311,18,329
b46aec1e674baae5a329416d4119e67b59200a88,2026-10-08,2026-10,cli,Rust,Markdown,0,35229,1705,36934
b46aec1e674baae5a329416d4119e67b59200a88,2026-10-08,2026-10,core,Rust,Markdown,0,10428,648,11076
b46aec1e674baae5a329416d4119e67b59200a88,2026-10-08,2026-10,docs,HTML,Css,704,12,42,758
b46aec1e674baae5a329416d4119e67b59200a88,2026-10-08,2026-10,docs,HTML,JavaScript,38593,133,140,38866
b46aec1e674baae5a329416d4119e67b59200a88,2026-10-08,2026-10,docs,Markdown,Bash,1972,690,360,3022
b46aec1e674baae5a329416d4119e67b59200a88,2026-10-08,2026-10,docs,Markdown,JavaScript,21,4,3,28
b46aec1e674baae5a329416d4119e67b59200a88,2026-10-08,2026-10,docs,Markdown,Json,267,0,0,267
b46aec1e674baae5a329416d4119e67b59200a88,2026-10-08,2026-10,docs,Markdown,Makefile,5,1,0,6
b46aec1e674baae5a329416d4119e67b59200a88,2026-10-08,2026-10,docs,Markdown,Markdown,0,126,27,153
b46aec1e674baae5a329416d4119e67b59200a88,2026-10-08,2026-10,docs,Markdown,PowerShell,1,0,0,1
b46aec1e674baae5a329416d4119e67b59200a88,2026-10-08,2026-10,docs,Markdown,Python,285,44,92,421
b46aec1e674baae5a329416d4119e67b59200a88,2026-10-08,2026-10,docs,Markdown,Rust,1668,250,249,2167
b46aec1e674baae5a329416d4119e67b59200a88,2026-10-08,2026-10,docs,Markdown,Sql,97,2,3,102
b46aec1e674baae5a329416d4119e67b59200a88,2026-10-08,2026-10,docs,Markdown,Toml,361,44,32,437
b46aec1e674baae5a329416d4119e67b59200a88,2026-10-08,2026-10,docs,Markdown,Yaml,403,20,23,446
b46aec1e674baae5a329416d4119e67b59200a88,2026-10-08,2026-10,packaging_integration,Markdown,Bash,997,211,100,1308
b46aec1e674baae5a329416d4119e67b59200a88,2026-10-08,2026-10,packaging_integration,Markdown,Ini,5,1,2,8
b46aec1e674baae5a329416d4119e67b59200a88,2026-10-08,2026-10,packaging_integration,Markdown,Json,106,0,0,106
b46aec1e674baae5a329416d4119e67b59200a88,2026-10-08,2026-10,packaging_integration,Markdown,Markdown,0,89,30,119
b46aec1e674baae5a329416d4119e67b59200a88,2026-10-08,2026-10,packaging_integration,Markdown,Rust,4,5,0,9
b46aec1e674baae5a329416d4119e67b59200a88,2026-10-08,2026-10,packaging_integration,Markdown,Toml,15,0,3,18
b46aec1e674baae5a329416d4119e67b59200a88,2026-10-08,2026-10,server,Rust,Markdown,0,153,7,160
b46aec1e674baae5a329416d4119e67b59200a88,2026-10-08,2026-10,tests_automation,Markdown,Bash,5,4,4,13
b46aec1e674baae5a329416d4119e67b59200a88,2026-10-08,2026-10,tests_automation,Rust,Markdown,0,6675,224,6899
b46aec1e674baae5a329416d4119e67b59200a88,2026-10-08,2026-10,tui,Rust,Markdown,0,3927,205,4132
